date,open,high,low,close,volume,symbol,pct_change
2024-03-01,934.95,938.15,927.0,929.05,57727.0,IRCTC.BSE,-0.006310497887587668
2024-02-29,924.55,933.45,912.55,926.9,217085.0,IRCTC.BSE,0.002541777080742007
2024-02-28,952.3,962.3,920.25,924.6,136667.0,IRCTC.BSE,-0.029087472435156917
2024-02-27,973.8,973.8,948.25,952.3,116008.0,IRCTC.BSE,-0.022078455535017458
2024-02-26,968.0,989.8,963.5,967.1,308667.0,IRCTC.BSE,-0.000929752066115679
2024-02-23,946.7,970.0,946.0,964.65,767856.0,IRCTC.BSE,0.01896059997887391
2024-02-22,929.0,939.25,916.75,935.95,187794.0,IRCTC.BSE,0.007481162540366034
2024-02-21,951.6,959.6,922.3,926.35,96672.0,IRCTC.BSE,-0.02653425809163514
2024-02-20,951.95,954.85,944.55,951.55,63484.0,IRCTC.BSE,-0.0004201901360366521
2024-02-19,941.05,956.75,939.55,946.75,263573.0,IRCTC.BSE,0.006057063917964025
2024-02-16,956.4,959.0,937.05,941.05,107544.0,IRCTC.BSE,-0.01604976997072357
2024-02-15,937.9,967.7,935.6,951.3,471533.0,IRCTC.BSE,0.014287237445356624
2024-02-14,919.95,934.0,898.45,929.55,364597.0,IRCTC.BSE,0.010435349747268775
2024-02-13,899.05,914.0,876.75,910.8,425339.0,IRCTC.BSE,0.013069350981591682
2024-02-12,940.75,947.0,891.1,900.1,495212.0,IRCTC.BSE,-0.04321020462397021
2024-02-09,947.85,954.35,915.6,939.2,353341.0,IRCTC.BSE,-0.009125916547976976
2024-02-08,956.05,959.2,941.75,944.7,75330.0,IRCTC.BSE,-0.011871764029077882
2024-02-07,969.85,972.9,948.25,954.7,187919.0,IRCTC.BSE,-0.015620972315306467
2024-02-06,947.15,968.0,939.7,964.65,139505.0,IRCTC.BSE,0.018476482077812384
2024-02-05,968.25,974.1,941.7,946.5,538160.0,IRCTC.BSE,-0.022463206816421378
2024-02-02,970.0,986.0,964.0,967.55,128814.0,IRCTC.BSE,-0.0025257731958763354
2024-02-01,988.35,993.2,958.0,963.0,622617.0,IRCTC.BSE,-0.02564880862042801
2024-01-31,969.95,982.0,965.35,978.35,105429.0,IRCTC.BSE,0.008660240218567943
2024-01-30,989.8,989.8,960.4,963.6,177374.0,IRCTC.BSE,-0.026469993938169258
2024-01-29,985.0,989.45,972.9,981.6,460138.0,IRCTC.BSE,-0.0034517766497461698
2024-01-25,976.75,990.0,959.25,970.3,564504.0,IRCTC.BSE,-0.006603532121832655
2024-01-24,940.0,976.0,908.45,970.95,950840.0,IRCTC.BSE,0.03292553191489367
2024-01-23,1049.75,1049.75,927.5,935.45,882672.0,IRCTC.BSE,-0.10888306739699924
2024-01-22,983.75,983.75,983.75,983.75,0.0,IRCTC.BSE,0.0
2024-01-20,998.85,1049.7,993.85,1026.4,832860.0,IRCTC.BSE,0.027581718976823415
2024-01-19,935.0,988.85,935.0,983.75,562169.0,IRCTC.BSE,0.05213903743315508
2024-01-18,935.0,943.75,871.05,927.15,320628.0,IRCTC.BSE,-0.008395721925133715
2024-01-17,945.8,949.8,932.0,934.55,564468.0,IRCTC.BSE,-0.011894692323958555
2024-01-16,973.95,973.95,935.55,949.8,255001.0,IRCTC.BSE,-0.024795934082858555
2024-01-15,962.0,975.9,951.3,967.3,719713.0,IRCTC.BSE,0.005509355509355462
2024-01-12,948.95,962.25,941.95,951.3,296487.0,IRCTC.BSE,0.002476421307761114
2024-01-11,949.0,951.55,938.15,940.2,281823.0,IRCTC.BSE,-0.00927291886195991
2024-01-10,921.25,944.35,907.4,941.55,1007366.0,IRCTC.BSE,0.02203527815468109
2024-01-09,925.9,926.7,912.1,919.35,144531.0,IRCTC.BSE,-0.007074198077546123
2024-01-08,918.85,929.5,906.0,916.2,930434.0,IRCTC.BSE,-0.0028840398323991697
2024-01-05,908.65,923.45,894.0,906.15,334398.0,IRCTC.BSE,-0.002751334397182634
2024-01-04,903.05,912.0,895.25,901.15,180145.0,IRCTC.BSE,-0.0021039809534355546
2024-01-03,885.35,910.0,885.35,899.05,218821.0,IRCTC.BSE,0.015474106285649665
2024-01-02,897.9,903.45,866.8,885.7,601776.0,IRCTC.BSE,-0.01358725916026276
2024-01-01,890.05,916.5,888.3,891.9,339790.0,IRCTC.BSE,0.002078534913768915
2023-12-29,871.95,895.0,859.5,886.65,359335.0,IRCTC.BSE,0.01685876483743326
2023-12-28,873.95,875.0,862.0,863.75,482272.0,IRCTC.BSE,-0.011671148235024938
2023-12-27,875.0,885.1,858.8,867.75,253059.0,IRCTC.BSE,-0.008285714285714285
2023-12-26,865.0,883.2,858.75,869.65,855989.0,IRCTC.BSE,0.005375722543352575
2023-12-22,872.05,887.1,853.8,860.95,1010983.0,IRCTC.BSE,-0.012728627945645214
2023-12-21,801.65,874.05,801.65,868.25,2539508.0,IRCTC.BSE,0.08307865028378972
2023-12-20,886.0,889.55,806.1,815.55,873474.0,IRCTC.BSE,-0.0795146726862303
2023-12-19,879.35,916.35,852.5,881.3,1952344.0,IRCTC.BSE,0.002217547051799547
2023-12-18,782.05,888.9,778.8,879.1,3612446.0,IRCTC.BSE,0.12409692474905706
2023-12-15,795.1,796.95,779.8,780.95,117663.0,IRCTC.BSE,-0.017796503584454757
2023-12-14,795.05,800.0,785.3,790.7,632111.0,IRCTC.BSE,-0.005471354002892786
2023-12-13,771.05,781.45,763.5,778.0,367333.0,IRCTC.BSE,0.009013682640555147
2023-12-12,767.1,786.25,763.4,770.6,338998.0,IRCTC.BSE,0.004562638508669013
2023-12-11,750.1,766.8,750.1,761.85,402760.0,IRCTC.BSE,0.015664578056259166
2023-12-08,761.8,769.9,739.1,749.55,202447.0,IRCTC.BSE,-0.016080336046206355
2023-12-07,741.05,762.0,731.65,757.5,739226.0,IRCTC.BSE,0.02219823223804068
2023-12-06,717.05,749.75,717.05,740.5,334548.0,IRCTC.BSE,0.0327034376961161
2023-12-05,723.05,729.2,708.9,714.95,136824.0,IRCTC.BSE,-0.011202544775603222
2023-12-04,708.95,723.55,705.9,720.55,643273.0,IRCTC.BSE,0.016362225826927018
2023-12-01,707.35,710.0,700.0,701.35,55569.0,IRCTC.BSE,-0.008482363752032233
2023-11-30,698.35,709.75,698.35,705.25,248223.0,IRCTC.BSE,0.009880432447912904
2023-11-29,696.55,709.45,696.55,700.7,56210.0,IRCTC.BSE,0.005957935539444535
2023-11-28,698.95,698.95,690.4,696.55,148497.0,IRCTC.BSE,-0.0034337220115889418
2023-11-24,701.95,704.35,692.0,692.9,32611.0,IRCTC.BSE,-0.012892656172092126
2023-11-23,700.05,706.05,699.05,699.7,251466.0,IRCTC.BSE,-0.000499964288264994
2023-11-22,708.05,710.5,693.05,700.0,49753.0,IRCTC.BSE,-0.011369253583786392
2023-11-21,709.85,720.3,703.5,708.7,143401.0,IRCTC.BSE,-0.0016200605761780337
2023-11-20,708.05,712.15,695.0,701.2,72494.0,IRCTC.BSE,-0.00967445801850139
2023-11-17,678.7,711.5,677.85,707.25,174115.0,IRCTC.BSE,0.042065713864741346
2023-11-16,677.05,683.85,675.65,679.25,38974.0,IRCTC.BSE,0.0032493907392364607
2023-11-15,671.05,679.35,671.05,676.95,27132.0,IRCTC.BSE,0.008792191341926967
2023-11-13,677.3,677.3,669.0,670.9,81774.0,IRCTC.BSE,-0.009449283921452795
2023-11-10,668.05,676.15,667.0,672.4,27051.0,IRCTC.BSE,0.006511488661028401
2023-11-09,678.05,679.95,664.4,670.2,189692.0,IRCTC.BSE,-0.011577317306983128
2023-11-08,694.0,694.0,671.3,676.9,91632.0,IRCTC.BSE,-0.0246397694524496
2023-11-07,676.95,683.0,670.0,680.85,71259.0,IRCTC.BSE,0.005761134500332339
2023-11-06,672.95,673.75,666.35,671.4,110880.0,IRCTC.BSE,-0.0023032914778216332
2023-11-03,659.2,666.0,658.25,663.6,26596.0,IRCTC.BSE,0.006674757281553363
2023-11-02,657.25,663.45,650.05,655.15,82994.0,IRCTC.BSE,-0.0031951312286040666
2023-11-01,665.7,670.0,652.0,653.0,85467.0,IRCTC.BSE,-0.019077662610785705
2023-10-31,665.0,668.45,663.0,665.7,21819.0,IRCTC.BSE,0.0010526315789474367
2023-10-30,661.0,665.55,652.5,663.15,32554.0,IRCTC.BSE,0.0032526475037821137
2023-10-27,647.95,661.5,647.95,658.95,123378.0,IRCTC.BSE,0.016976618566247395
2023-10-26,655.05,655.05,636.1,645.1,66222.0,IRCTC.BSE,-0.015189680177085616
2023-10-25,666.05,673.55,651.05,657.8,54012.0,IRCTC.BSE,-0.012386457473162676
2023-10-23,691.85,693.0,662.7,665.95,51838.0,IRCTC.BSE,-0.037435860374358566
2023-10-20,698.25,703.35,690.0,691.8,110443.0,IRCTC.BSE,-0.009237379162191257
2023-10-19,700.4,704.5,690.55,699.8,38697.0,IRCTC.BSE,-0.0008566533409480622
2023-10-18,716.65,718.75,699.1,703.7,174210.0,IRCTC.BSE,-0.018070187678783132
2023-10-17,703.05,719.15,703.05,714.65,72624.0,IRCTC.BSE,0.01649953772846885
2023-10-16,704.0,709.0,701.4,703.2,34339.0,IRCTC.BSE,-0.0011363636363635717
2023-10-13,699.8,706.5,694.3,703.95,47213.0,IRCTC.BSE,0.0059302657902259096
2023-10-12,704.05,707.0,698.85,700.2,43780.0,IRCTC.BSE,-0.00546836162204376
2023-10-11,710.1,711.0,703.65,704.45,36009.0,IRCTC.BSE,-0.007956625827348228
2023-10-10,702.05,711.25,702.05,705.6,168057.0,IRCTC.BSE,0.0050566198988677
2023-10-09,702.05,708.6,698.25,703.15,99382.0,IRCTC.BSE,0.0015668399686632332
2023-10-06,721.05,722.75,713.7,719.4,204940.0,IRCTC.BSE,-0.0022883295194507697
2023-10-05,704.1,726.5,704.1,719.7,233146.0,IRCTC.BSE,0.022155943757988954
2023-10-04,702.75,709.35,697.25,704.0,79552.0,IRCTC.BSE,0.0017787264318747777
2023-10-03,678.5,707.25,676.85,703.4,108267.0,IRCTC.BSE,0.03669859985261603
2023-09-29,682.15,683.0,673.8,680.7,36870.0,IRCTC.BSE,-0.002125632192332965
2023-09-28,686.95,688.0,670.0,672.05,127407.0,IRCTC.BSE,-0.02169007933619636
2023-09-27,679.5,686.15,674.4,682.0,99866.0,IRCTC.BSE,0.003679175864606328
2023-09-26,690.35,691.25,680.3,681.55,42738.0,IRCTC.BSE,-0.012747157239081723
2023-09-25,666.5,692.0,666.5,689.05,374521.0,IRCTC.BSE,0.033833458364591076
2023-09-22,672.0,675.5,661.05,663.35,74530.0,IRCTC.BSE,-0.012872023809523776
2023-09-21,678.95,683.35,668.15,671.25,78424.0,IRCTC.BSE,-0.011341041313793423
2023-09-20,686.75,688.55,676.0,678.4,82432.0,IRCTC.BSE,-0.012158718602111427
2023-09-18,695.45,697.95,687.55,688.7,68744.0,IRCTC.BSE,-0.009705945790495362
2023-09-15,700.05,703.0,694.25,695.45,56672.0,IRCTC.BSE,-0.006570959217198642
2023-09-14,698.95,704.5,691.85,696.35,104481.0,IRCTC.BSE,-0.0037198655125545784
2023-09-13,688.25,694.3,680.45,686.95,120655.0,IRCTC.BSE,-0.0018888485288775221
2023-09-12,720.05,721.95,686.3,688.1,248533.0,IRCTC.BSE,-0.04437191861676263
2023-09-11,734.0,734.0,715.8,717.25,554007.0,IRCTC.BSE,-0.02282016348773842
2023-09-08,707.3,758.1,707.3,725.6,1135113.0,IRCTC.BSE,0.02587303831471804
2023-09-07,706.55,713.7,703.7,707.25,298437.0,IRCTC.BSE,0.0009907296015852318
2023-09-06,703.95,715.3,696.2,708.5,124409.0,IRCTC.BSE,0.006463527239150443
2023-09-05,706.95,711.0,695.85,701.85,384196.0,IRCTC.BSE,-0.007214088690855113
2023-09-04,694.5,708.3,691.9,703.45,263053.0,IRCTC.BSE,0.012886969042476668
2023-09-01,672.25,689.4,672.15,688.15,634717.0,IRCTC.BSE,0.02365191521011525
2023-08-31,675.0,678.6,668.8,672.15,160688.0,IRCTC.BSE,-0.004222222222222256
2023-08-30,673.05,682.9,670.7,672.55,63759.0,IRCTC.BSE,-0.0007428868583314762
2023-08-29,684.0,686.0,670.95,672.35,114842.0,IRCTC.BSE,-0.017032163742690024
2023-08-28,658.05,684.0,656.8,677.95,205071.0,IRCTC.BSE,0.030240863156295254
2023-08-25,659.7,669.9,651.35,658.0,518433.0,IRCTC.BSE,-0.002576928907079044
2023-08-24,651.05,664.35,651.05,659.7,189707.0,IRCTC.BSE,0.013286229936256956
2023-08-23,652.05,659.85,648.35,649.4,44582.0,IRCTC.BSE,-0.0040641055133808415
2023-08-22,653.95,656.55,646.85,651.5,37955.0,IRCTC.BSE,-0.00374646379692644
2023-08-21,643.0,651.85,640.25,650.3,77459.0,IRCTC.BSE,0.01135303265940895
2023-08-18,645.05,656.8,641.0,642.95,189264.0,IRCTC.BSE,-0.0032555615843731637
2023-08-17,642.3,652.1,639.05,649.3,307998.0,IRCTC.BSE,0.01089833411178577
2023-08-16,646.3,649.55,639.25,641.25,148606.0,IRCTC.BSE,-0.007813708803960939
2023-08-14,662.65,662.65,638.7,649.95,370498.0,IRCTC.BSE,-0.01916547196861078
2023-08-11,645.35,679.6,645.35,662.65,360250.0,IRCTC.BSE,0.026807158906019916
2023-08-10,648.8,649.15,635.2,646.35,457706.0,IRCTC.BSE,-0.003776202219482016
2023-08-09,643.3,652.9,641.0,648.8,188878.0,IRCTC.BSE,0.008549665785792011
2023-08-08,655.0,658.2,640.75,643.25,54971.0,IRCTC.BSE,-0.017938931297709924
2023-08-07,654.55,658.45,649.1,653.65,57429.0,IRCTC.BSE,-0.0013749904514551636
2023-08-04,667.75,668.95,651.95,653.3,120152.0,IRCTC.BSE,-0.02163983526769007
2023-08-03,635.05,662.4,635.05,660.15,157257.0,IRCTC.BSE,0.039524446893945395
2023-08-02,642.05,643.9,630.45,637.4,182346.0,IRCTC.BSE,-0.007242426602289506
2023-08-01,640.7,648.75,635.9,642.8,70961.0,IRCTC.BSE,0.003277665053847212
2023-07-31,632.0,642.5,631.1,640.55,70428.0,IRCTC.BSE,0.013528481012658156
2023-07-28,618.25,631.75,618.25,630.55,219267.0,IRCTC.BSE,0.019894864536999523
2023-07-27,620.05,624.65,617.15,619.9,46156.0,IRCTC.BSE,-0.00024191597451814738
2023-07-26,618.05,624.0,618.05,619.8,30044.0,IRCTC.BSE,0.002831486125717984
2023-07-25,620.05,625.0,615.45,619.25,146820.0,IRCTC.BSE,-0.001290218530763575
2023-07-24,620.55,626.9,618.5,620.6,38715.0,IRCTC.BSE,8.057368463470826e-05
2023-07-21,623.35,630.3,620.0,623.0,48078.0,IRCTC.BSE,-0.0005614823133071673
2023-07-20,625.0,627.0,622.4,625.0,100724.0,IRCTC.BSE,0.0
2023-07-19,622.8,627.3,622.45,625.55,27341.0,IRCTC.BSE,0.004415542710340398
2023-07-18,626.0,627.95,620.1,622.8,30912.0,IRCTC.BSE,-0.005111821086262054
2023-07-17,622.65,630.0,622.65,625.25,42454.0,IRCTC.BSE,0.004175700634385326
2023-07-14,618.3,623.7,616.8,622.65,113296.0,IRCTC.BSE,0.007035419699175195
2023-07-13,621.0,626.5,614.45,617.75,50049.0,IRCTC.BSE,-0.005233494363929146
2023-07-12,618.15,622.0,615.15,620.5,41594.0,IRCTC.BSE,0.0038016662622341224
2023-07-11,615.95,624.45,614.6,618.95,137169.0,IRCTC.BSE,0.0048705252049679355
2023-07-10,630.35,631.5,614.95,615.95,84537.0,IRCTC.BSE,-0.02284445149520104
2023-07-07,632.3,636.45,627.2,630.3,37115.0,IRCTC.BSE,-0.003163055511624229
2023-07-06,626.5,633.25,626.5,632.2,35871.0,IRCTC.BSE,0.009098164405427048
2023-07-05,628.05,633.0,627.15,630.4,104891.0,IRCTC.BSE,0.0037417403073004107
2023-07-04,633.05,637.95,627.15,628.7,62543.0,IRCTC.BSE,-0.006871495142563635
2023-07-03,635.25,639.65,632.0,633.0,143534.0,IRCTC.BSE,-0.0035419126328217238
2023-06-30,630.0,641.0,629.6,635.25,52774.0,IRCTC.BSE,0.008333333333333333
2023-06-28,632.05,634.35,627.0,628.65,43898.0,IRCTC.BSE,-0.005379321256229693
2023-06-27,633.05,636.3,629.25,630.4,36477.0,IRCTC.BSE,-0.004186083247768703
2023-06-26,626.75,633.5,621.85,632.3,41816.0,IRCTC.BSE,0.008855205424810457
2023-06-23,644.0,645.65,625.5,627.6,95114.0,IRCTC.BSE,-0.025465838509316736
2023-06-22,660.25,666.6,641.9,644.45,87034.0,IRCTC.BSE,-0.02393032942067392
2023-06-21,665.0,667.7,658.8,662.3,152708.0,IRCTC.BSE,-0.004060150375939918
2023-06-20,667.55,670.15,660.7,664.2,64431.0,IRCTC.BSE,-0.005018350685341786
2023-06-19,660.25,675.15,660.2,667.55,157225.0,IRCTC.BSE,0.011056418023475888
2023-06-16,645.0,670.5,643.0,664.9,184846.0,IRCTC.BSE,0.03085271317829454
2023-06-15,644.5,649.0,641.45,642.85,25752.0,IRCTC.BSE,-0.002560124127230376
2023-06-14,645.05,649.65,642.1,643.1,42050.0,IRCTC.BSE,-0.003023021471203677
2023-06-13,641.0,650.15,641.0,647.35,47650.0,IRCTC.BSE,0.00990639625585027
2023-06-12,641.0,647.0,638.3,645.75,134348.0,IRCTC.BSE,0.0074102964118564745
2023-06-09,644.25,646.85,639.0,640.2,112576.0,IRCTC.BSE,-0.006286379511059301
2023-06-08,657.85,657.85,642.5,644.2,50804.0,IRCTC.BSE,-0.02074941095994524
2023-06-07,643.05,657.9,643.05,652.6,78900.0,IRCTC.BSE,0.014851100225488016
2023-06-06,643.5,645.5,637.0,642.8,120808.0,IRCTC.BSE,-0.0010878010878011585
2023-06-05,634.1,646.8,634.1,643.75,188741.0,IRCTC.BSE,0.015218419807601288
2023-06-02,654.65,654.65,643.6,645.5,77942.0,IRCTC.BSE,-0.013976934239670018
2023-06-01,649.45,659.2,647.65,649.35,141780.0,IRCTC.BSE,-0.00015397644160446952
2023-05-31,642.0,650.0,640.45,649.45,293149.0,IRCTC.BSE,0.011604361370716581
2023-05-30,645.0,653.7,625.0,643.8,359510.0,IRCTC.BSE,-0.0018604651162791403
2023-05-29,626.05,647.0,626.05,645.6,539167.0,IRCTC.BSE,0.03122753773660262
2023-05-26,620.05,625.5,619.35,624.35,39532.0,IRCTC.BSE,0.006934924602854719
2023-05-25,618.65,620.35,616.0,618.45,75072.0,IRCTC.BSE,-0.00032328457124372714
2023-05-24,623.1,626.75,618.0,618.9,99699.0,IRCTC.BSE,-0.006740491092922557
2023-05-23,626.05,636.0,622.9,624.45,179979.0,IRCTC.BSE,-0.0025557064132256356
2023-05-22,609.1,624.75,607.0,623.6,148997.0,IRCTC.BSE,0.02380561484156953
2023-05-19,614.0,617.0,604.0,610.35,35782.0,IRCTC.BSE,-0.005944625407166087
2023-05-18,623.55,627.75,613.0,614.8,98172.0,IRCTC.BSE,-0.01403255552882688
2023-05-17,626.0,628.35,618.1,622.85,28668.0,IRCTC.BSE,-0.0050319488817891014
2023-05-16,631.5,636.6,624.3,625.8,29557.0,IRCTC.BSE,-0.009026128266033327
2023-05-15,626.95,635.75,624.9,632.1,39769.0,IRCTC.BSE,0.008214371161974602
2023-05-12,622.05,637.25,622.05,628.35,41099.0,IRCTC.BSE,0.010127803231251618
2023-05-11,624.05,627.5,624.05,626.4,22094.0,IRCTC.BSE,0.003765723900328536
2023-05-10,620.3,625.75,618.1,624.2,50042.0,IRCTC.BSE,0.006287280348218751
2023-05-09,627.0,633.45,620.0,622.3,40145.0,IRCTC.BSE,-0.007496012759170726
2023-05-08,626.05,630.8,626.05,627.8,118086.0,IRCTC.BSE,0.002795303889465698
2023-05-05,631.35,633.45,624.15,625.45,35357.0,IRCTC.BSE,-0.009345054248831832
2023-05-04,625.05,635.65,625.05,631.35,79863.0,IRCTC.BSE,0.01007919366450695
2023-05-03,625.2,632.4,622.1,627.45,187730.0,IRCTC.BSE,0.0035988483685220726
2023-05-02,618.05,630.95,618.05,627.55,110853.0,IRCTC.BSE,0.015370924682469056
2023-04-28,609.05,619.4,608.25,617.5,65743.0,IRCTC.BSE,0.013874066168623342
2023-04-27,606.05,610.0,605.25,605.9,39579.0,IRCTC.BSE,-0.0002475043313257607
2023-04-26,605.05,613.0,605.05,607.85,49227.0,IRCTC.BSE,0.004627716717626755
2023-04-25,603.7,611.0,600.2,607.65,128083.0,IRCTC.BSE,0.006542984926287778
2023-04-24,601.0,607.2,597.9,603.7,32560.0,IRCTC.BSE,0.004492512479201407
2023-04-21,600.8,606.7,594.55,602.9,167097.0,IRCTC.BSE,0.0034953395472703446
2023-04-20,607.0,610.05,599.05,601.8,28513.0,IRCTC.BSE,-0.008566721581548675
2023-04-19,607.5,613.85,600.7,606.55,156124.0,IRCTC.BSE,-0.0015637860082305275
2023-04-18,596.85,604.7,596.3,603.6,128244.0,IRCTC.BSE,0.01130937421462679
2023-04-17,591.05,597.65,584.9,596.85,45482.0,IRCTC.BSE,0.009813044581676793
2023-04-13,580.2,594.0,580.2,592.5,135128.0,IRCTC.BSE,0.021199586349534564
2023-04-12,585.95,586.5,579.15,584.6,134035.0,IRCTC.BSE,-0.002303950849048592
2023-04-11,583.0,589.0,578.05,584.95,115983.0,IRCTC.BSE,0.0033447684391081397
2023-04-10,569.15,583.0,569.15,581.4,56335.0,IRCTC.BSE,0.02152332425546868
2023-04-06,567.55,572.5,566.75,569.85,153328.0,IRCTC.BSE,0.004052506387102578
2023-04-05,571.7,574.45,564.65,566.75,51992.0,IRCTC.BSE,-0.008658387266048706
2023-04-03,575.5,579.5,566.9,569.9,160022.0,IRCTC.BSE,-0.009730668983492655
2023-03-31,565.75,575.35,565.75,573.0,89349.0,IRCTC.BSE,0.012814847547503314
2023-03-29,561.25,568.25,557.15,564.45,219250.0,IRCTC.BSE,0.005701559020044624
2023-03-28,582.55,584.0,559.0,560.35,338662.0,IRCTC.BSE,-0.0381083168826709
2023-03-27,596.55,599.15,577.65,582.55,210109.0,IRCTC.BSE,-0.023468275919872602
2023-03-24,604.0,608.5,598.1,600.25,261013.0,IRCTC.BSE,-0.006208609271523178
2023-03-23,604.95,605.95,599.9,605.25,228176.0,IRCTC.BSE,0.0004959087527894115
2023-03-22,608.0,609.75,603.75,604.95,28795.0,IRCTC.BSE,-0.005016447368420978
2023-03-21,603.1,609.0,602.3,606.3,35716.0,IRCTC.BSE,0.005305919416348751
2023-03-20,601.05,609.95,600.0,604.25,111566.0,IRCTC.BSE,0.00532401630480001
2023-03-17,605.05,618.95,605.05,612.05,82348.0,IRCTC.BSE,0.011569291794066607
2023-03-16,603.0,606.3,586.15,603.25,251701.0,IRCTC.BSE,0.00041459369817578774
2023-03-15,603.3,609.05,601.35,606.55,112193.0,IRCTC.BSE,0.005387037957898227
2023-03-14,601.0,604.7,596.1,603.3,69397.0,IRCTC.BSE,0.0038269550748751325
2023-03-13,606.05,612.85,599.85,601.2,41852.0,IRCTC.BSE,-0.00800264004620066
2023-03-10,611.4,613.7,604.5,611.8,122256.0,IRCTC.BSE,0.000654236179260676
2023-03-09,616.35,621.4,614.0,615.4,29185.0,IRCTC.BSE,-0.0015413320353695878
2023-03-08,615.85,618.9,611.65,618.05,97707.0,IRCTC.BSE,0.0035722984492976076
2023-03-06,616.9,620.95,614.3,615.85,38679.0,IRCTC.BSE,-0.001702058680499197
2023-03-03,609.05,617.5,609.05,613.8,32369.0,IRCTC.BSE,0.007799031278220179
2023-03-02,612.0,614.0,608.0,608.95,29977.0,IRCTC.BSE,-0.00498366013071888
2023-03-01,603.55,614.75,603.55,611.3,27680.0,IRCTC.BSE,0.012840692568966947
2023-02-28,600.55,610.55,600.55,609.1,37713.0,IRCTC.BSE,0.014236949462992372
2023-02-27,602.6,607.6,595.0,599.7,50536.0,IRCTC.BSE,-0.004812479256554891
2023-02-24,605.9,609.95,602.0,607.65,125678.0,IRCTC.BSE,0.002888265390328437
2023-02-23,618.35,618.35,601.15,602.6,230476.0,IRCTC.BSE,-0.025471011563030645
2023-02-22,640.0,640.0,618.0,619.7,265902.0,IRCTC.BSE,-0.03171874999999993
2023-02-21,641.95,647.25,639.0,642.65,100114.0,IRCTC.BSE,0.0010904276033957968
2023-02-20,649.8,652.3,641.0,641.95,35828.0,IRCTC.BSE,-0.012080640196983548
2023-02-17,645.05,651.6,645.05,649.8,131791.0,IRCTC.BSE,0.007363770250368189
2023-02-16,647.0,652.75,646.2,648.9,36481.0,IRCTC.BSE,0.002936630602782036
2023-02-15,639.05,648.0,639.05,647.05,23586.0,IRCTC.BSE,0.01251858227055786
2023-02-14,643.0,644.0,635.7,642.0,99138.0,IRCTC.BSE,-0.0015552099533437014
2023-02-13,644.95,646.05,633.75,640.1,30784.0,IRCTC.BSE,-0.007519962787813044
2023-02-10,655.0,655.0,642.0,643.85,45423.0,IRCTC.BSE,-0.017022900763358745
2023-02-09,642.15,656.6,637.25,651.25,116783.0,IRCTC.BSE,0.014171143813750717
2023-02-08,639.55,641.95,635.45,641.05,37699.0,IRCTC.BSE,0.0023453991087483386
2023-02-07,636.0,637.65,630.3,636.15,37510.0,IRCTC.BSE,0.00023584905660373784
2023-02-06,625.55,636.0,625.3,634.55,40101.0,IRCTC.BSE,0.014387339141555433
2023-02-03,630.15,632.7,618.0,627.1,36910.0,IRCTC.BSE,-0.004840117432357303
2023-02-02,628.1,634.0,622.85,630.05,150472.0,IRCTC.BSE,0.0031046011781562357
2023-02-01,642.95,652.95,617.0,628.15,378263.0,IRCTC.BSE,-0.02301889727039438
2023-01-31,625.05,640.0,622.65,637.25,40711.0,IRCTC.BSE,0.01951843852491808
2023-01-30,611.3,626.6,610.3,624.8,280845.0,IRCTC.BSE,0.022084083101586785
2023-01-27,628.6,633.25,601.1,612.25,290978.0,IRCTC.BSE,-0.026010181355392972
2023-01-25,642.3,643.0,625.7,627.65,97762.0,IRCTC.BSE,-0.02280865639109447
2023-01-24,642.8,647.0,638.8,643.45,35173.0,IRCTC.BSE,0.0010112009956441989
2023-01-23,642.0,651.1,639.65,642.7,36915.0,IRCTC.BSE,0.0010903426791277968
2023-01-20,640.0,652.2,638.5,641.3,57650.0,IRCTC.BSE,0.002031249999999929
2023-01-19,638.0,640.9,635.0,640.2,25307.0,IRCTC.BSE,0.0034482758620690366
2023-01-18,638.15,642.45,637.8,640.1,29882.0,IRCTC.BSE,0.0030557079056648838
2023-01-17,639.15,643.2,633.5,640.9,33149.0,IRCTC.BSE,0.002738011421419072
2023-01-16,642.15,643.55,638.0,640.0,104460.0,IRCTC.BSE,-0.0033481273845674332
2023-01-13,641.5,643.45,637.05,641.8,31548.0,IRCTC.BSE,0.0004676539360872245
2023-01-12,642.55,644.45,638.5,640.6,131869.0,IRCTC.BSE,-0.003034783285347338
2023-01-11,635.15,643.9,635.15,641.05,39719.0,IRCTC.BSE,0.009289144296622809
2023-01-10,640.0,642.7,634.85,636.85,32481.0,IRCTC.BSE,-0.0049218749999999645
2023-01-09,638.0,641.75,636.5,639.45,107206.0,IRCTC.BSE,0.002272727272727344
2023-01-06,634.15,639.9,630.95,636.3,124426.0,IRCTC.BSE,0.003390365055586182
2023-01-05,637.05,638.2,631.75,637.15,186690.0,IRCTC.BSE,0.00015697354995686797
2023-01-04,644.95,646.9,633.0,635.45,59975.0,IRCTC.BSE,-0.014729824017365686
2023-01-03,650.0,654.3,642.5,643.75,93570.0,IRCTC.BSE,-0.009615384615384616
2023-01-02,643.45,644.5,639.15,642.25,124543.0,IRCTC.BSE,-0.0018649467713109727
2022-12-30,635.15,645.45,635.15,639.75,84513.0,IRCTC.BSE,0.007242383688892424
2022-12-29,636.0,636.5,627.55,632.95,174997.0,IRCTC.BSE,-0.004795597484276658
2022-12-28,635.9,641.0,630.55,638.85,183046.0,IRCTC.BSE,0.004639094197200889
2022-12-27,630.0,634.8,623.0,633.15,264339.0,IRCTC.BSE,0.004999999999999964
2022-12-26,609.25,629.45,606.0,622.35,371891.0,IRCTC.BSE,0.021501846532622115
2022-12-23,630.3,638.0,605.05,607.3,734695.0,IRCTC.BSE,-0.03649056005076948
2022-12-22,654.15,657.5,632.25,641.05,807065.0,IRCTC.BSE,-0.020025987923259228
2022-12-21,679.85,679.85,650.25,653.7,177547.0,IRCTC.BSE,-0.03846436713981022
2022-12-20,677.0,678.05,666.0,674.05,139649.0,IRCTC.BSE,-0.00435745937961602
2022-12-19,675.0,681.55,672.8,676.65,290906.0,IRCTC.BSE,0.0024444444444444106
2022-12-16,682.8,683.0,668.25,672.15,735398.0,IRCTC.BSE,-0.015597539543057964
2022-12-15,698.0,702.75,687.0,689.2,682703.0,IRCTC.BSE,-0.01260744985673346
2022-12-14,724.0,739.5,724.0,734.7,313064.0,IRCTC.BSE,0.014779005524861942
2022-12-13,720.35,730.0,720.35,723.6,147554.0,IRCTC.BSE,0.004511695703477476
2022-12-12,719.2,724.95,710.6,723.7,143194.0,IRCTC.BSE,0.006256952169076751
2022-12-09,721.25,727.05,717.2,722.35,273340.0,IRCTC.BSE,0.001525129982669009
2022-12-08,720.0,722.35,715.5,720.75,50233.0,IRCTC.BSE,0.0010416666666666667
2022-12-07,717.1,722.2,712.25,717.15,212520.0,IRCTC.BSE,6.972528238733025e-05
2022-12-06,728.9,742.3,714.5,716.45,143621.0,IRCTC.BSE,-0.01708053230895861
2022-12-05,732.1,733.55,725.2,728.9,36023.0,IRCTC.BSE,-0.00437098757000416
2022-12-02,733.0,735.0,727.5,730.05,113029.0,IRCTC.BSE,-0.004024556616643991
2022-12-01,738.5,739.95,730.0,732.35,70778.0,IRCTC.BSE,-0.008327691266079861
2022-11-30,725.0,738.8,725.0,735.8,296865.0,IRCTC.BSE,0.014896551724137869
2022-11-29,720.65,729.3,720.65,723.25,114501.0,IRCTC.BSE,0.0036078540206758106
2022-11-28,720.0,736.0,719.0,726.25,188180.0,IRCTC.BSE,0.008680555555555556
2022-11-25,727.0,727.0,720.0,721.7,108343.0,IRCTC.BSE,-0.007290233837689071
2022-11-24,720.5,727.75,720.5,723.7,45811.0,IRCTC.BSE,0.004441360166551069
2022-11-23,717.0,724.45,717.0,721.7,133843.0,IRCTC.BSE,0.006555090655509129
2022-11-22,713.35,718.9,712.9,715.15,41991.0,IRCTC.BSE,0.0025233055302445566
2022-11-21,710.0,721.75,710.0,715.35,140693.0,IRCTC.BSE,0.007535211267605666
2022-11-18,728.95,735.0,714.5,718.4,270233.0,IRCTC.BSE,-0.014472871939090566
2022-11-17,721.15,738.35,721.15,726.55,163059.0,IRCTC.BSE,0.0074880399362129615
2022-11-16,740.45,748.85,722.4,728.3,115349.0,IRCTC.BSE,-0.016408940509149962
2022-11-15,746.0,747.7,731.5,740.45,400420.0,IRCTC.BSE,-0.0074396782841822445
2022-11-14,751.1,764.75,750.05,758.9,558073.0,IRCTC.BSE,0.0103847690054586
2022-11-11,757.0,757.2,744.4,747.95,175579.0,IRCTC.BSE,-0.011955085865257536
2022-11-10,762.5,762.55,738.3,744.2,84428.0,IRCTC.BSE,-0.02399999999999994
2022-11-09,767.3,770.85,759.25,761.2,354301.0,IRCTC.BSE,-0.007949954385507507
2022-11-07,760.25,775.0,760.25,763.9,278148.0,IRCTC.BSE,0.004801052285432394
2022-11-04,751.55,766.4,748.1,758.25,171559.0,IRCTC.BSE,0.008914909187678859
2022-11-03,753.4,760.0,746.0,751.25,539597.0,IRCTC.BSE,-0.0028537297584284274
2022-11-02,736.25,761.05,736.25,755.6,101388.0,IRCTC.BSE,0.026281833616298843
2022-11-01,743.5,747.3,739.2,742.05,158990.0,IRCTC.BSE,-0.001950235373234762
2022-10-31,742.0,752.45,739.0,741.2,275044.0,IRCTC.BSE,-0.0010781671159029037
2022-10-28,739.15,744.0,735.45,739.55,151992.0,IRCTC.BSE,0.000541162145707877
2022-10-27,745.0,748.0,736.65,741.0,230463.0,IRCTC.BSE,-0.005369127516778523
2022-10-25,737.55,747.0,735.85,740.5,344990.0,IRCTC.BSE,0.003999728831943659
2022-10-21,742.2,756.0,735.3,742.75,119619.0,IRCTC.BSE,0.0007410401509026604
2022-10-20,740.95,745.0,726.2,742.6,191775.0,IRCTC.BSE,0.0022268709089681856
2022-10-19,731.35,755.0,729.95,742.65,622910.0,IRCTC.BSE,0.01545087851234013
2022-10-18,733.6,734.45,725.0,731.35,215522.0,IRCTC.BSE,-0.0030670665212649945
2022-10-17,720.0,729.0,712.2,727.65,590194.0,IRCTC.BSE,0.010624999999999968
2022-10-14,731.1,733.4,719.0,723.45,88635.0,IRCTC.BSE,-0.010463684858432468
2022-10-13,722.4,727.55,711.9,723.85,258307.0,IRCTC.BSE,0.002007198228128524
2022-10-12,729.1,734.9,707.0,722.35,317210.0,IRCTC.BSE,-0.009257989301879028
2022-10-11,732.0,746.0,720.6,725.6,768441.0,IRCTC.BSE,-0.008743169398907073
2022-10-10,724.05,735.5,723.0,731.65,249289.0,IRCTC.BSE,0.010496512671776844
2022-10-07,731.05,737.95,724.2,735.1,126267.0,IRCTC.BSE,0.005539976745776717
2022-10-06,724.0,734.5,720.05,731.05,137450.0,IRCTC.BSE,0.009737569060773417
2022-10-04,712.05,719.95,708.65,719.0,282752.0,IRCTC.BSE,0.009760550523137485
2022-10-03,695.5,713.9,672.5,707.95,655253.0,IRCTC.BSE,0.017900790797987124
2022-09-30,700.55,712.3,695.2,706.85,265577.0,IRCTC.BSE,0.00899293412318902
2022-09-29,687.3,712.0,684.05,706.4,358561.0,IRCTC.BSE,0.027789902517095916
2022-09-28,673.0,682.45,666.65,680.1,108709.0,IRCTC.BSE,0.010549777117384878
2022-09-27,664.5,681.5,664.0,676.55,355345.0,IRCTC.BSE,0.018133935289691427
2022-09-26,681.0,681.5,661.0,664.5,148914.0,IRCTC.BSE,-0.024229074889867842
2022-09-23,702.5,706.8,684.0,685.75,228346.0,IRCTC.BSE,-0.02384341637010676
2022-09-22,701.9,705.15,693.25,701.05,114683.0,IRCTC.BSE,-0.001210998717766096
2022-09-21,708.1,712.6,695.95,700.2,63436.0,IRCTC.BSE,-0.01115661629713314
2022-09-20,698.0,714.9,698.0,706.1,284573.0,IRCTC.BSE,0.011604584527220662
2022-09-19,705.1,709.25,690.05,692.45,772311.0,IRCTC.BSE,-0.017940717628705114
2022-09-16,724.55,730.2,692.3,704.4,150038.0,IRCTC.BSE,-0.027810365054171525
2022-09-15,715.0,738.15,715.0,724.25,224932.0,IRCTC.BSE,0.012937062937062937
2022-09-14,709.2,718.5,709.2,712.8,178137.0,IRCTC.BSE,0.005076142131979567
2022-09-13,725.0,727.55,718.0,720.3,71814.0,IRCTC.BSE,-0.006482758620689718
2022-09-12,713.0,724.75,713.0,721.1,296870.0,IRCTC.BSE,0.01136044880785417
2022-09-09,717.8,721.25,710.0,711.9,188645.0,IRCTC.BSE,-0.008219559765951488
2022-09-08,711.35,724.0,709.0,714.9,275628.0,IRCTC.BSE,0.004990511000210802
2022-09-07,707.4,711.5,701.6,706.65,69273.0,IRCTC.BSE,-0.0010602205258693808
2022-09-06,714.1,717.9,705.0,708.25,171075.0,IRCTC.BSE,-0.008192129953788017
2022-09-05,713.4,721.85,710.0,710.9,214956.0,IRCTC.BSE,-0.0035043453882814693
2022-09-02,714.0,726.0,710.45,712.8,136085.0,IRCTC.BSE,-0.0016806722689076267
2022-09-01,706.0,717.0,703.8,706.95,104134.0,IRCTC.BSE,0.0013456090651558718
2022-08-30,697.0,713.6,696.4,710.2,133455.0,IRCTC.BSE,0.01893830703012919
2022-08-29,675.0,696.75,660.0,691.75,339408.0,IRCTC.BSE,0.024814814814814814
2022-08-26,725.0,728.3,716.2,718.5,263195.0,IRCTC.BSE,-0.00896551724137931
2022-08-25,730.0,733.55,715.0,717.3,208958.0,IRCTC.BSE,-0.017397260273972665
2022-08-24,712.05,729.0,708.2,724.05,159690.0,IRCTC.BSE,0.016852749104697706
2022-08-23,700.1,718.8,699.0,714.75,475487.0,IRCTC.BSE,0.020925582059705725
2022-08-22,720.8,726.35,704.0,712.5,485450.0,IRCTC.BSE,-0.011514983351831235
2022-08-19,712.0,752.8,697.75,735.1,1111030.0,IRCTC.BSE,0.03244382022471913
2022-08-18,672.6,723.5,672.6,713.05,970137.0,IRCTC.BSE,0.06013975617008613
2022-08-17,667.0,676.0,667.0,671.65,233579.0,IRCTC.BSE,0.006971514242878527
2022-08-16,668.2,675.9,665.6,668.2,211532.0,IRCTC.BSE,0.0
2022-08-12,671.65,684.95,663.9,666.55,175766.0,IRCTC.BSE,-0.0075932405270602585
2022-08-11,691.0,691.35,651.65,670.05,441968.0,IRCTC.BSE,-0.030318379160636823
2022-08-10,664.5,677.35,654.45,673.1,231867.0,IRCTC.BSE,0.012942061700526745
2022-08-08,644.5,660.95,642.75,657.25,468143.0,IRCTC.BSE,0.01978277734678045
2022-08-05,639.6,647.2,638.0,642.2,175712.0,IRCTC.BSE,0.004065040650406539
2022-08-04,642.15,649.25,631.0,639.1,107340.0,IRCTC.BSE,-0.00474966908043285
2022-08-03,643.5,648.65,635.0,642.05,227011.0,IRCTC.BSE,-0.002253302253302324
2022-08-02,641.8,655.0,632.1,648.15,171088.0,IRCTC.BSE,0.009894047990028082
2022-08-01,644.15,648.4,633.0,641.8,604630.0,IRCTC.BSE,-0.0036482185826283054
2022-07-29,608.5,642.0,605.65,637.65,372889.0,IRCTC.BSE,0.047904683648315495
2022-07-28,605.0,606.5,598.15,602.05,74369.0,IRCTC.BSE,-0.004876033057851315
2022-07-27,593.1,602.4,588.85,600.9,154514.0,IRCTC.BSE,0.013151239251390919
2022-07-26,598.0,598.65,591.0,596.15,70919.0,IRCTC.BSE,-0.003093645484949871
2022-07-25,608.0,610.65,596.1,599.15,457514.0,IRCTC.BSE,-0.014555921052631616
2022-07-22,613.0,616.75,607.45,609.8,61876.0,IRCTC.BSE,-0.005220228384991917
2022-07-21,606.6,612.35,603.35,607.8,58751.0,IRCTC.BSE,0.00197823936696329
2022-07-20,617.4,617.4,606.75,608.0,234280.0,IRCTC.BSE,-0.01522513767411723
2022-07-19,600.0,611.0,598.8,608.3,269352.0,IRCTC.BSE,0.013833333333333258
2022-07-18,594.0,605.3,594.0,604.25,400268.0,IRCTC.BSE,0.017255892255892257
2022-07-15,587.0,594.45,586.25,590.9,56002.0,IRCTC.BSE,0.006643952299829604
2022-07-14,597.0,597.4,581.1,585.6,72952.0,IRCTC.BSE,-0.019095477386934637
2022-07-13,596.7,605.4,591.3,592.65,121090.0,IRCTC.BSE,-0.006787330316742195
2022-07-12,589.0,601.4,582.55,589.95,198859.0,IRCTC.BSE,0.0016129032258065288
2022-07-11,583.1,594.5,583.1,592.9,208406.0,IRCTC.BSE,0.016806722689075553
2022-07-08,590.0,591.0,583.35,589.0,92152.0,IRCTC.BSE,-0.001694915254237288
2022-07-07,585.5,587.95,578.35,582.55,131710.0,IRCTC.BSE,-0.005038428693424501
2022-07-06,571.0,579.0,557.0,577.1,330301.0,IRCTC.BSE,0.010683012259194435
2022-07-05,577.5,583.7,570.0,571.05,84812.0,IRCTC.BSE,-0.011168831168831248
2022-07-04,584.0,586.55,572.1,575.15,68908.0,IRCTC.BSE,-0.015154109589041134
2022-07-01,575.0,585.85,575.0,578.95,227436.0,IRCTC.BSE,0.006869565217391384
2022-06-30,600.3,604.0,575.1,576.4,285703.0,IRCTC.BSE,-0.03981342662002329
2022-06-29,610.0,614.55,596.75,601.45,229998.0,IRCTC.BSE,-0.014016393442622876
2022-06-28,610.0,623.0,603.65,620.05,195988.0,IRCTC.BSE,0.016475409836065498
2022-06-27,605.95,615.0,602.55,613.15,72178.0,IRCTC.BSE,0.011882168495750361
2022-06-24,592.0,599.9,590.8,596.3,73837.0,IRCTC.BSE,0.007263513513513437
2022-06-23,590.0,595.9,582.0,589.3,74205.0,IRCTC.BSE,-0.0011864406779661788
2022-06-22,599.85,599.85,584.3,589.55,65244.0,IRCTC.BSE,-0.01717095940651841
2022-06-21,577.6,602.25,574.45,599.45,241790.0,IRCTC.BSE,0.037828947368421094
2022-06-20,588.7,597.85,568.6,573.75,374825.0,IRCTC.BSE,-0.02539493799898088
2022-06-17,597.05,610.0,579.95,596.6,440279.0,IRCTC.BSE,-0.0007537057197888482
2022-06-16,631.0,634.3,597.2,600.3,211714.0,IRCTC.BSE,-0.048652931854199756
2022-06-15,623.55,632.0,622.4,623.2,134908.0,IRCTC.BSE,-0.0005613022211529294
2022-06-14,623.3,635.0,619.55,623.25,203952.0,IRCTC.BSE,-8.021819348620973e-05
2022-06-13,631.1,634.2,622.0,626.75,102451.0,IRCTC.BSE,-0.006892726984630047
2022-06-10,640.0,649.5,640.0,644.4,128309.0,IRCTC.BSE,0.0068749999999999645
2022-06-09,644.0,651.9,641.45,649.6,119504.0,IRCTC.BSE,0.008695652173913078
2022-06-08,656.95,662.95,645.2,647.9,100483.0,IRCTC.BSE,-0.013775782022985109
2022-06-07,658.0,665.4,649.9,654.45,176919.0,IRCTC.BSE,-0.005395136778115432
2022-06-06,663.25,664.55,648.15,658.0,190314.0,IRCTC.BSE,-0.0079155672823219
2022-06-03,683.0,683.35,664.15,665.4,359364.0,IRCTC.BSE,-0.025768667642752596
2022-06-02,686.0,691.75,672.0,673.1,235133.0,IRCTC.BSE,-0.018804664723032036
2022-06-01,690.2,699.0,685.1,687.6,212567.0,IRCTC.BSE,-0.003767024050999743
2022-05-31,705.9,713.45,677.55,692.95,372522.0,IRCTC.BSE,-0.018345374698965765
2022-05-30,665.0,712.6,663.65,694.85,433805.0,IRCTC.BSE,0.044887218045112816
2022-05-27,649.8,665.1,648.25,652.4,211968.0,IRCTC.BSE,0.004001231148045588
2022-05-26,645.5,651.65,625.3,639.4,133420.0,IRCTC.BSE,-0.00945003872966696
2022-05-25,656.7,658.35,637.05,647.15,133246.0,IRCTC.BSE,-0.014542409014770927
2022-05-24,662.8,662.8,639.1,651.05,241542.0,IRCTC.BSE,-0.017727821363910684
2022-05-23,667.0,676.5,651.35,653.3,217637.0,IRCTC.BSE,-0.020539730134932602
2022-05-20,670.0,670.05,656.0,662.25,160792.0,IRCTC.BSE,-0.011567164179104477
2022-05-19,650.0,661.35,646.3,655.1,175404.0,IRCTC.BSE,0.007846153846153881
2022-05-18,694.0,694.0,668.95,671.25,164221.0,IRCTC.BSE,-0.032780979827089336
2022-05-17,659.0,686.65,650.45,683.1,157251.0,IRCTC.BSE,0.03657056145675269
2022-05-16,655.65,660.0,639.5,653.55,272825.0,IRCTC.BSE,-0.003202928391672421
2022-05-13,625.0,661.25,625.0,652.0,544778.0,IRCTC.BSE,0.0432
2022-05-12,652.25,652.25,618.0,620.75,657683.0,IRCTC.BSE,-0.04829436565733998
2022-05-11,679.1,688.1,643.9,657.85,449840.0,IRCTC.BSE,-0.03129141510823148
2022-05-10,690.0,698.6,675.0,679.05,240504.0,IRCTC.BSE,-0.01586956521739137
2022-05-09,696.5,702.0,684.3,690.85,323947.0,IRCTC.BSE,-0.008111988513998532
2022-05-06,711.5,711.5,700.0,704.55,116211.0,IRCTC.BSE,-0.009768095572733726
2022-05-05,729.85,732.5,714.4,717.1,196131.0,IRCTC.BSE,-0.017469343015688154
2022-05-04,738.0,744.7,719.55,721.95,555544.0,IRCTC.BSE,-0.021747967479674734
2022-05-02,740.0,742.0,730.05,737.55,201271.0,IRCTC.BSE,-0.0033108108108108724
2022-04-29,761.0,766.15,745.0,746.3,75795.0,IRCTC.BSE,-0.019316688567674174
2022-04-28,760.9,760.9,744.15,757.15,73677.0,IRCTC.BSE,-0.004928374293599685
2022-04-27,757.7,758.55,742.0,748.2,78576.0,IRCTC.BSE,-0.012537943777220536
2022-04-26,749.0,762.5,749.0,760.95,63055.0,IRCTC.BSE,0.01595460614152209
2022-04-25,749.0,754.0,740.5,745.45,70086.0,IRCTC.BSE,-0.004739652870493931
2022-04-22,756.0,765.95,752.0,755.2,73239.0,IRCTC.BSE,-0.001058201058200998
2022-04-21,761.0,761.0,751.15,759.45,226174.0,IRCTC.BSE,-0.002036793692509796
2022-04-20,757.95,761.7,742.55,747.75,264399.0,IRCTC.BSE,-0.013457352068078429
2022-04-19,774.0,777.65,745.55,752.85,96232.0,IRCTC.BSE,-0.027325581395348807
2022-04-18,779.95,779.95,757.5,766.8,328938.0,IRCTC.BSE,-0.01686005513173933
2022-04-13,790.05,793.55,778.45,780.45,196601.0,IRCTC.BSE,-0.012151129675336889
2022-04-12,807.0,807.0,776.25,783.9,155048.0,IRCTC.BSE,-0.028624535315985158
2022-04-11,790.0,809.0,789.9,801.35,366255.0,IRCTC.BSE,0.014367088607594966
2022-04-08,790.0,798.95,789.0,790.45,104897.0,IRCTC.BSE,0.0005696202531646146
2022-04-07,793.75,800.95,784.4,787.65,510023.0,IRCTC.BSE,-0.007685039370078769
2022-04-06,815.0,829.2,788.0,792.2,573453.0,IRCTC.BSE,-0.02797546012269933
2022-04-05,838.0,840.05,820.05,822.9,424708.0,IRCTC.BSE,-0.01801909307875898
2022-04-04,802.0,837.5,802.0,832.9,317372.0,IRCTC.BSE,0.038528678304239374
2022-04-01,784.0,802.5,776.0,798.2,188248.0,IRCTC.BSE,0.01811224489795924
2022-03-31,790.0,792.95,772.35,774.6,140749.0,IRCTC.BSE,-0.019493670886075922
2022-03-30,774.0,794.75,769.45,789.35,257931.0,IRCTC.BSE,0.01983204134366928
2022-03-29,766.0,775.0,765.9,767.25,351273.0,IRCTC.BSE,0.0016318537859007832
2022-03-28,773.0,776.65,758.6,766.3,364104.0,IRCTC.BSE,-0.008667529107373928
2022-03-25,778.0,779.0,767.8,770.15,78981.0,IRCTC.BSE,-0.010089974293059155
2022-03-24,766.0,779.0,760.25,772.0,265132.0,IRCTC.BSE,0.007832898172323759
2022-03-23,774.35,785.8,763.85,766.6,119225.0,IRCTC.BSE,-0.010008394137018144
2022-03-22,773.0,773.95,752.25,765.7,235516.0,IRCTC.BSE,-0.00944372574385505
2022-03-21,776.8,781.95,768.0,770.3,275837.0,IRCTC.BSE,-0.008367662203913492
2022-03-17,775.0,779.5,767.3,770.75,93565.0,IRCTC.BSE,-0.005483870967741935
2022-03-16,768.0,774.2,764.6,768.0,181285.0,IRCTC.BSE,0.0
2022-03-15,757.0,769.7,751.0,756.15,442970.0,IRCTC.BSE,-0.0011228533685601358
2022-03-14,744.7,762.4,738.0,753.05,255220.0,IRCTC.BSE,0.0112125688196588
2022-03-11,755.0,764.8,747.8,757.65,325313.0,IRCTC.BSE,0.003509933774834407
2022-03-10,764.8,771.95,751.0,758.5,313549.0,IRCTC.BSE,-0.008237447698744712
2022-03-09,735.0,738.4,719.15,734.95,253947.0,IRCTC.BSE,-6.802721088429187e-05
2022-03-08,718.0,728.9,710.0,717.75,578046.0,IRCTC.BSE,-0.00034818941504178273
2022-03-07,740.0,740.0,708.7,718.05,1239415.0,IRCTC.BSE,-0.029662162162162223
2022-03-04,783.0,783.0,745.15,747.25,1391933.0,IRCTC.BSE,-0.04565772669220945
2022-03-03,822.0,822.05,797.1,799.95,196416.0,IRCTC.BSE,-0.02682481751824812
2022-03-02,801.0,815.85,795.25,808.65,191714.0,IRCTC.BSE,0.009550561797752781
2022-02-28,781.05,812.0,781.05,809.05,214273.0,IRCTC.BSE,0.03584917738941169
2022-02-25,768.0,803.0,768.0,799.8,925905.0,IRCTC.BSE,0.04140624999999994
2022-02-24,780.0,793.95,735.2,738.2,573619.0,IRCTC.BSE,-0.053589743589743534
2022-02-23,800.0,818.95,796.35,814.1,524370.0,IRCTC.BSE,0.01762500000000003
2022-02-22,788.5,799.0,780.15,789.7,246205.0,IRCTC.BSE,0.0015218769816107108
2022-02-21,805.15,815.95,796.0,803.15,207062.0,IRCTC.BSE,-0.0024840091908340063
2022-02-18,815.0,827.25,809.05,816.3,259627.0,IRCTC.BSE,0.0015950920245398216
2022-02-17,832.0,834.0,820.0,822.1,198468.0,IRCTC.BSE,-0.011899038461538435
2022-02-16,830.95,837.55,820.3,824.8,364812.0,IRCTC.BSE,-0.007401167338588472
2022-02-15,805.0,823.5,791.5,820.5,507472.0,IRCTC.BSE,0.019254658385093167
2022-02-14,802.0,819.95,793.0,798.9,633921.0,IRCTC.BSE,-0.003865336658354143
2022-02-11,837.0,841.95,825.0,830.8,105951.0,IRCTC.BSE,-0.0074074074074074615
2022-02-10,857.8,857.8,840.1,845.65,101515.0,IRCTC.BSE,-0.014164140825367193
2022-02-09,863.0,868.1,845.1,849.7,543698.0,IRCTC.BSE,-0.015411355735805278
2022-02-08,849.0,849.0,821.7,838.1,390291.0,IRCTC.BSE,-0.012838633686690196
2022-02-07,857.0,868.0,830.0,835.65,387145.0,IRCTC.BSE,-0.024912485414235734
2022-02-04,859.5,865.05,851.55,855.8,90331.0,IRCTC.BSE,-0.004304828388598075
2022-02-03,864.8,871.6,858.0,860.55,117947.0,IRCTC.BSE,-0.004914431082331175
2022-02-02,866.0,867.95,857.0,860.65,130548.0,IRCTC.BSE,-0.006177829099307186
2022-02-01,892.1,900.0,849.1,856.7,445104.0,IRCTC.BSE,-0.03968165003923324
2022-01-31,856.0,880.0,851.3,867.8,525091.0,IRCTC.BSE,0.01378504672897191
2022-01-28,826.0,859.95,820.25,845.5,586891.0,IRCTC.BSE,0.02360774818401937
2022-01-27,820.0,824.7,803.15,814.15,343854.0,IRCTC.BSE,-0.007134146341463443
2022-01-25,808.0,833.05,784.3,829.7,590661.0,IRCTC.BSE,0.02685643564356441
2022-01-24,859.0,859.3,805.2,810.2,548108.0,IRCTC.BSE,-0.05681024447031427
2022-01-21,877.3,880.85,855.4,861.35,201220.0,IRCTC.BSE,-0.01818078194460268
2022-01-20,875.0,884.8,865.9,880.25,106633.0,IRCTC.BSE,0.006
2022-01-19,861.45,877.8,851.0,875.5,520825.0,IRCTC.BSE,0.016309710372047075
2022-01-18,897.65,904.0,855.75,861.45,237167.0,IRCTC.BSE,-0.04032752186264127
2022-01-17,910.0,918.3,892.0,896.7,307156.0,IRCTC.BSE,-0.014615384615384565
2022-01-14,867.0,908.0,857.95,902.0,649113.0,IRCTC.BSE,0.040369088811995385
2022-01-13,861.4,874.0,853.75,867.75,230692.0,IRCTC.BSE,0.007371720455073163
2022-01-12,863.7,868.85,848.0,861.1,172729.0,IRCTC.BSE,-0.0030103045038786876
2022-01-11,873.0,883.0,860.0,862.3,412959.0,IRCTC.BSE,-0.012256586483390659
2022-01-10,860.2,878.45,860.2,873.45,369431.0,IRCTC.BSE,0.015403394559404789
2022-01-07,840.55,888.0,840.55,860.8,716894.0,IRCTC.BSE,0.024091368746653977
2022-01-06,825.0,848.0,825.0,843.15,634094.0,IRCTC.BSE,0.02199999999999997
2022-01-05,845.9,846.2,828.25,840.95,367642.0,IRCTC.BSE,-0.005851755526657917
2022-01-04,850.0,853.6,843.2,847.9,545105.0,IRCTC.BSE,-0.0024705882352941445
2022-01-03,830.0,849.9,830.0,846.15,511212.0,IRCTC.BSE,0.019457831325301177
2021-12-31,837.0,840.1,825.2,831.8,247445.0,IRCTC.BSE,-0.0062126642771804606
2021-12-30,849.45,849.45,831.15,832.95,539719.0,IRCTC.BSE,-0.01942433339219495
2021-12-29,863.0,863.8,846.45,849.45,190172.0,IRCTC.BSE,-0.015701042873696357
2021-12-28,841.55,876.5,840.6,863.2,431431.0,IRCTC.BSE,0.02572633830431952
2021-12-27,830.0,839.9,822.4,838.95,189199.0,IRCTC.BSE,0.010783132530120537
2021-12-24,843.0,843.0,828.3,836.95,470722.0,IRCTC.BSE,-0.007176749703440041
2021-12-23,846.05,847.05,834.25,841.35,239204.0,IRCTC.BSE,-0.005555227232432991
2021-12-22,819.95,842.6,819.25,839.45,197404.0,IRCTC.BSE,0.023781937923044085
2021-12-21,802.0,818.45,800.0,814.1,740399.0,IRCTC.BSE,0.01508728179551125
2021-12-20,808.0,824.3,781.0,794.4,735087.0,IRCTC.BSE,-0.01683168316831686
2021-12-17,848.6,851.7,825.9,832.2,416151.0,IRCTC.BSE,-0.019325948621258516
2021-12-16,856.0,860.7,842.0,851.9,417544.0,IRCTC.BSE,-0.0047897196261682505
2021-12-15,855.0,867.55,847.85,852.45,228546.0,IRCTC.BSE,-0.002982456140350824
2021-12-14,859.1,859.9,843.2,854.85,165150.0,IRCTC.BSE,-0.004947037597485741
2021-12-13,860.3,878.05,856.4,858.6,641538.0,IRCTC.BSE,-0.001976054864582043
2021-12-10,852.0,869.8,850.25,858.3,259539.0,IRCTC.BSE,0.007394366197183045
2021-12-09,856.8,863.0,826.7,851.7,631919.0,IRCTC.BSE,-0.005952380952380846
2021-12-08,829.5,856.35,829.5,852.25,369734.0,IRCTC.BSE,0.027426160337552744
2021-12-07,807.95,829.7,807.95,823.0,226858.0,IRCTC.BSE,0.01862739030880618
2021-12-06,801.0,819.0,797.6,801.1,655755.0,IRCTC.BSE,0.00012484394506869254
2021-12-03,815.0,831.25,810.3,820.5,394254.0,IRCTC.BSE,0.006748466257668712
2021-12-02,811.95,825.2,803.05,820.85,393930.0,IRCTC.BSE,0.010961266087813261
2021-12-01,810.0,817.3,796.35,811.55,307784.0,IRCTC.BSE,0.0019135802469135241
2021-11-30,785.0,819.8,785.0,794.35,650998.0,IRCTC.BSE,0.011910828025477736
2021-11-29,786.25,801.6,750.05,775.55,2520185.0,IRCTC.BSE,-0.013608903020667784
2021-11-26,846.35,855.0,820.1,823.5,518463.0,IRCTC.BSE,-0.026998286760796388
2021-11-25,863.0,874.0,835.3,865.2,1056658.0,IRCTC.BSE,0.0025492468134415357
2021-11-24,900.0,901.8,852.55,863.05,315755.0,IRCTC.BSE,-0.04105555555555561
2021-11-23,877.0,897.65,872.35,892.55,242401.0,IRCTC.BSE,0.017730900798175547
2021-11-22,906.0,919.35,872.5,886.4,1405164.0,IRCTC.BSE,-0.021633554083885235
2021-11-18,901.0,905.8,871.0,890.7,1434064.0,IRCTC.BSE,-0.011431742508324034
2021-11-17,924.9,928.75,901.0,903.6,304797.0,IRCTC.BSE,-0.02302951670450855
2021-11-16,916.0,929.65,910.0,920.85,1126769.0,IRCTC.BSE,0.005294759825327536
2021-11-15,880.0,922.7,869.25,904.2,919186.0,IRCTC.BSE,0.027500000000000052
2021-11-12,854.95,875.9,847.25,864.55,346294.0,IRCTC.BSE,0.011228726826130075
2021-11-11,849.95,855.85,835.05,846.75,223949.0,IRCTC.BSE,-0.003764927348667622
2021-11-10,856.0,865.4,842.7,848.7,921445.0,IRCTC.BSE,-0.008528037383177516
2021-11-09,836.75,858.0,834.5,856.05,499563.0,IRCTC.BSE,0.023065431729907326
2021-11-08,821.45,839.75,780.0,832.05,638361.0,IRCTC.BSE,0.012904011199707723
2021-11-03,843.0,849.0,814.65,819.3,510918.0,IRCTC.BSE,-0.028113879003558773
2021-11-02,870.2,870.2,845.0,848.1,511543.0,IRCTC.BSE,-0.02539646058377387
2021-11-01,870.0,885.7,809.45,855.15,1615379.0,IRCTC.BSE,-0.017068965517241404
2021-10-29,822.4,906.6,650.1,845.65,6535839.0,IRCTC.BSE,0.02827091439688716
2021-10-28,823.7,983.6,812.4,913.75,4154259.0,IRCTC.BSE,0.10932378293067858
2021-10-27,4264.0001,4333.8001,4035.0001,4129.0501,1228155.0,IRCTC.BSE,-0.03164868593694447
2021-10-26,4062.0001,4399.0001,4055.0001,4188.9001,3007295.0,IRCTC.BSE,0.031240767325436458
2021-10-25,4660.0001,4682.6001,3960.0501,4024.6501,2100435.0,IRCTC.BSE,-0.13634119879096146
2021-10-22,4665.0001,4679.7001,4450.0001,4621.8501,1475080.0,IRCTC.BSE,-0.009249731848880463
2021-10-21,4432.9501,4750.1501,4415.4501,4573.1001,2633010.0,IRCTC.BSE,0.03161551491409742
2021-10-20,4826.7001,4999.0001,4371.2501,4432.9501,6868685.0,IRCTC.BSE,-0.08157747360354956
2021-10-19,6212.0001,6393.0001,4995.7501,5363.0001,4082705.0,IRCTC.BSE,-0.1366709572332428
2021-10-18,5600.0001,5965.0001,5576.8001,5877.3001,3081460.0,IRCTC.BSE,0.049517856258609744
2021-10-14,5004.0001,5593.8501,4997.0501,5467.3501,3178935.0,IRCTC.BSE,0.0925959214109527
2021-10-13,4860.0001,4960.0001,4831.2001,4928.4001,617050.0,IRCTC.BSE,0.014074073784484003
2021-10-12,4760.0001,4882.9001,4725.0001,4816.4001,1615975.0,IRCTC.BSE,0.01184873924687515
2021-10-11,4909.0001,4930.0001,4697.1501,4772.8501,1398540.0,IRCTC.BSE,-0.02773477230118625
2021-10-08,4821.0001,4965.0001,4730.0001,4875.4001,4001630.0,IRCTC.BSE,0.011283965748102687
2021-10-07,4600.0001,4765.0001,4525.0501,4700.0501,2919755.0,IRCTC.BSE,0.021749999527173963
2021-10-06,4200.0001,4512.0001,4180.4501,4463.6501,4063525.0,IRCTC.BSE,0.06277380802919495
2021-10-05,4100.0001,4206.0001,4006.0001,4166.5501,1521295.0,IRCTC.BSE,0.016231706921177924
2021-10-04,3803.0001,4065.0001,3803.0001,4007.5001,1027355.0,IRCTC.BSE,0.05377333542536588
2021-10-01,3787.0001,3819.0001,3738.3001,3793.5501,431480.0,IRCTC.BSE,0.0017296012218219184
2021-09-30,3820.0001,3880.0001,3777.5501,3797.0001,615245.0,IRCTC.BSE,-0.006020942250760674
2021-09-29,3861.1001,3861.1001,3750.0001,3768.4501,585345.0,IRCTC.BSE,-0.02399575188428813
2021-09-28,3890.0001,3974.7501,3781.6501,3862.1001,2129080.0,IRCTC.BSE,-0.007172236319479809
2021-09-27,3732.8001,3865.0001,3700.1501,3839.9001,1707165.0,IRCTC.BSE,0.028691598031193772
2021-09-24,3729.0001,3732.8001,3640.0001,3692.8001,341985.0,IRCTC.BSE,-0.009707696173030479
2021-09-23,3738.0001,3770.0001,3674.4001,3693.8001,408925.0,IRCTC.BSE,-0.011824504766599731
2021-09-22,3679.0001,3750.0001,3640.0001,3671.0001,1284630.0,IRCTC.BSE,-0.0021745038821825526
2021-09-21,3718.0501,3848.0001,3550.0501,3624.7501,1269460.0,IRCTC.BSE,-0.025093798494000855
2021-09-20,3851.9501,3851.9501,3680.0001,3707.3501,2002285.0,IRCTC.BSE,-0.037539427107324136
2021-09-17,3830.0001,4017.0001,3793.5001,3863.9001,2407175.0,IRCTC.BSE,0.008851174703624586
2021-09-16,3749.0001,3798.2501,3682.0001,3769.5501,1758770.0,IRCTC.BSE,0.005481461576914795
2021-09-15,3802.0001,3955.0001,3652.6501,3683.2001,2399175.0,IRCTC.BSE,-0.031246711434857716
2021-09-14,3495.0001,3759.9001,3478.5501,3737.1501,3646230.0,IRCTC.BSE,0.06928469043534495
2021-09-13,3310.0,3450.0001,3310.0,3436.2501,1779850.0,IRCTC.BSE,0.03814202416918435
2021-09-09,3250.0,3358.0001,3183.2,3295.1,1246810.0,IRCTC.BSE,0.013876923076923049
2021-09-08,3331.0,3425.0001,3265.05,3292.25,2688275.0,IRCTC.BSE,-0.011633143200240168
2021-09-07,3053.4,3305.0,3045.3,3288.65,3644615.0,IRCTC.BSE,0.07704526102050173
2021-09-06,2874.9,3041.2,2874.9,3009.5,1027925.0,IRCTC.BSE,0.04681901979199273
2021-09-03,2850.0,2897.05,2827.6,2869.4,599200.0,IRCTC.BSE,0.006807017543859681
2021-09-02,2748.9,2858.5,2743.2,2830.05,581280.0,IRCTC.BSE,0.02952089926879846
2021-09-01,2755.0,2766.25,2711.0,2742.75,204055.0,IRCTC.BSE,-0.004446460980036298
2021-08-31,2714.95,2759.5,2700.65,2751.4,348965.0,IRCTC.BSE,0.013425661614394473
2021-08-30,2668.0,2713.9,2659.6,2695.9,414800.0,IRCTC.BSE,0.010457271364317875
2021-08-27,2629.95,2657.3,2606.45,2648.3,173310.0,IRCTC.BSE,0.006977318960436649
2021-08-26,2645.0,2663.0,2614.15,2621.15,524530.0,IRCTC.BSE,-0.009017013232514144
2021-08-25,2571.3,2653.0,2571.3,2637.0,766420.0,IRCTC.BSE,0.025551277563878122
2021-08-24,2573.0,2611.5,2540.0,2565.65,512040.0,IRCTC.BSE,-0.0028565876408860897
2021-08-23,2670.0,2684.85,2535.0,2555.25,921350.0,IRCTC.BSE,-0.04297752808988764
2021-08-20,2700.25,2713.5,2609.6,2649.6,394065.0,IRCTC.BSE,-0.018757522451624882
2021-08-18,2687.4,2750.0,2671.85,2718.65,986550.0,IRCTC.BSE,0.011628339659150107
2021-08-17,2637.0,2695.0,2618.45,2669.95,342050.0,IRCTC.BSE,0.012495259764884269
2021-08-16,2672.05,2675.35,2612.15,2628.45,480335.0,IRCTC.BSE,-0.016317059935255836
2021-08-13,2715.0,2715.0,2635.85,2661.35,1059380.0,IRCTC.BSE,-0.0197605893186004
2021-08-12,2595.0,2727.95,2571.7,2689.85,1389540.0,IRCTC.BSE,0.03655105973025045
2021-08-11,2656.0,2671.05,2523.65,2571.55,1169755.0,IRCTC.BSE,-0.03179593373493969
2021-08-10,2666.95,2724.0,2621.1,2642.15,1057970.0,IRCTC.BSE,-0.009299011979977026
2021-08-09,2499.0,2679.9,2497.9,2647.1,1109970.0,IRCTC.BSE,0.05926370548219284
2021-08-06,2480.0,2504.0,2450.0,2487.55,331515.0,IRCTC.BSE,0.003044354838709751
2021-08-05,2496.05,2522.25,2465.9,2473.5,536860.0,IRCTC.BSE,-0.009034274153162068
2021-08-04,2484.8,2535.0,2466.0,2491.4,1106670.0,IRCTC.BSE,0.00265614938828071
2021-08-03,2489.0,2495.9,2445.8,2467.65,420725.0,IRCTC.BSE,-0.008577742065086344
2021-08-02,2474.0,2512.0,2423.0,2468.35,1578315.0,IRCTC.BSE,-0.0022837510105093335
2021-07-30,2330.0,2372.3,2299.35,2329.6,289190.0,IRCTC.BSE,-0.00017167381974252831
2021-07-29,2280.0,2343.0,2280.0,2319.7,180215.0,IRCTC.BSE,0.017412280701754306
2021-07-28,2300.0,2314.6,2263.15,2282.5,348680.0,IRCTC.BSE,-0.007608695652173913
2021-07-27,2328.95,2346.0,2281.2,2295.6,418440.0,IRCTC.BSE,-0.014319757830782074
2021-07-26,2326.8,2364.75,2303.0,2314.0,672645.0,IRCTC.BSE,-0.005501117414474893
2021-07-23,2359.0,2382.75,2316.7,2325.9,535120.0,IRCTC.BSE,-0.014031369224247523
2021-07-22,2405.0,2416.0,2342.0,2367.45,607335.0,IRCTC.BSE,-0.015613305613305688
2021-07-20,2438.0,2479.45,2370.05,2380.85,682070.0,IRCTC.BSE,-0.02344134536505336
2021-07-19,2395.0,2456.0,2385.3,2423.85,892200.0,IRCTC.BSE,0.012045929018789106
2021-07-16,2271.0,2458.0,2268.0,2427.0,2581935.0,IRCTC.BSE,0.06869220607661823
2021-07-15,2270.0,2297.45,2252.0,2268.95,276825.0,IRCTC.BSE,-0.0004625550660793753
2021-07-14,2284.0,2284.0,2245.65,2266.3,317775.0,IRCTC.BSE,-0.007749562171628642
2021-07-13,2270.0,2283.6,2255.8,2275.15,296425.0,IRCTC.BSE,0.0022687224669603926
2021-07-12,2233.8,2271.0,2217.05,2262.65,879925.0,IRCTC.BSE,0.012915211746799134
2021-07-09,2199.0,2223.25,2170.0,2209.65,329460.0,IRCTC.BSE,0.004843110504774939
2021-07-08,2205.0,2248.0,2185.0,2193.15,604455.0,IRCTC.BSE,-0.005374149659863904
2021-07-07,2166.0,2198.0,2160.0,2186.6,459880.0,IRCTC.BSE,0.009510618651892849
2021-07-06,2191.1,2222.0,2160.0,2169.25,947555.0,IRCTC.BSE,-0.009972160102231715
2021-07-05,2094.0,2195.0,2069.0,2167.5,733990.0,IRCTC.BSE,0.03510028653295129
2021-07-02,2053.85,2068.0,2035.8,2059.25,206820.0,IRCTC.BSE,0.002629208559534577
2021-07-01,2053.0,2058.65,2030.1,2033.65,166410.0,IRCTC.BSE,-0.009425231368728646
2021-06-30,2068.0,2103.0,2022.0,2033.7,625985.0,IRCTC.BSE,-0.016586073500967097
2021-06-29,2081.0,2125.65,2065.0,2080.25,843790.0,IRCTC.BSE,-0.00036040365209034117
2021-06-28,2075.0,2111.85,2070.1,2077.8,196425.0,IRCTC.BSE,0.0013493975903615335
2021-06-25,2085.0,2088.35,2054.2,2068.55,143205.0,IRCTC.BSE,-0.007889688249400392
2021-06-24,2100.0,2100.0,2065.4,2072.95,153915.0,IRCTC.BSE,-0.012880952380952467
2021-06-23,2100.0,2110.0,2072.05,2077.95,367310.0,IRCTC.BSE,-0.010500000000000087
2021-06-22,2100.0,2128.0,2076.35,2084.95,396085.0,IRCTC.BSE,-0.007166666666666753
2021-06-21,2003.45,2092.35,1982.3,2076.15,426580.0,IRCTC.BSE,0.03628740422770723
2021-06-18,2065.0,2071.65,1978.35,2011.2,752075.0,IRCTC.BSE,-0.02605326876513315
2021-06-17,2072.5,2089.05,2038.0,2051.15,354750.0,IRCTC.BSE,-0.01030156815440285
2021-06-16,2105.0,2121.95,2075.55,2090.35,338660.0,IRCTC.BSE,-0.006959619952494105
2021-06-15,2070.0,2140.0,2062.0,2097.95,642900.0,IRCTC.BSE,0.01350241545893711
2021-06-14,2080.0,2092.95,2025.15,2064.55,457575.0,IRCTC.BSE,-0.007427884615384528
2021-06-11,2110.0,2131.75,2081.8,2093.75,229995.0,IRCTC.BSE,-0.007701421800947867
2021-06-10,2090.0,2120.0,2052.05,2106.1,772910.0,IRCTC.BSE,0.007703349282296607
2021-06-09,2164.4,2164.4,2060.0,2071.4,1150395.0,IRCTC.BSE,-0.04296802809092589
2021-06-08,2131.95,2184.15,2125.0,2144.85,2092550.0,IRCTC.BSE,0.006050798564694337
2021-06-07,1925.45,2114.4,1925.45,2098.6,2541110.0,IRCTC.BSE,0.08992703004492449
2021-06-04,1933.0,1935.15,1913.25,1922.2,103330.0,IRCTC.BSE,-0.0055871702017589
2021-06-03,1925.0,1948.85,1916.05,1921.35,124890.0,IRCTC.BSE,-0.0018961038961039433
2021-06-02,1905.0,1927.0,1897.0,1917.25,347580.0,IRCTC.BSE,0.006430446194225722
2021-06-01,1915.0,1922.0,1888.7,1895.0,116120.0,IRCTC.BSE,-0.010443864229765013
2021-05-31,1906.0,1918.9,1897.75,1901.7,144385.0,IRCTC.BSE,-0.002256033578174163
2021-05-28,1928.95,1929.0,1889.15,1895.6,194770.0,IRCTC.BSE,-0.017289198786904863
2021-05-27,1897.15,1940.75,1876.85,1925.2,291530.0,IRCTC.BSE,0.014785335898584695
2021-05-26,1917.0,1929.95,1886.0,1894.05,412995.0,IRCTC.BSE,-0.011971830985915517
2021-05-25,1909.8,1913.7,1890.05,1908.3,211670.0,IRCTC.BSE,-0.0007854225573358467
2021-05-24,1879.8,1903.25,1868.85,1884.05,342350.0,IRCTC.BSE,0.0022608788168954146
2021-05-21,1870.0,1895.85,1851.0,1861.05,305850.0,IRCTC.BSE,-0.004786096256684517
2021-05-20,1855.05,1871.1,1823.0,1855.0,388100.0,IRCTC.BSE,-2.6953451389425906e-05
2021-05-19,1846.0,1884.8,1841.2,1858.8,422850.0,IRCTC.BSE,0.006933911159263248
2021-05-18,1770.0,1840.0,1770.0,1834.35,1071675.0,IRCTC.BSE,0.03635593220338978
2021-05-17,1768.0,1781.0,1744.0,1763.55,191730.0,IRCTC.BSE,-0.002516968325791881
2021-05-14,1755.25,1773.95,1730.0,1747.3,280330.0,IRCTC.BSE,-0.004529269334852611
2021-05-12,1803.9,1816.95,1733.6,1745.55,418065.0,IRCTC.BSE,-0.032346582404789694
2021-05-11,1725.0,1799.0,1721.45,1791.45,624100.0,IRCTC.BSE,0.03852173913043481
2021-05-10,1700.0,1774.45,1691.25,1750.35,292740.0,IRCTC.BSE,0.029617647058823474
2021-05-07,1698.0,1707.5,1680.5,1693.1,525060.0,IRCTC.BSE,-0.002885747938751526
2021-05-06,1735.0,1744.1,1716.2,1726.0,163725.0,IRCTC.BSE,-0.005187319884726225
2021-05-05,1774.25,1780.0,1685.05,1716.55,320445.0,IRCTC.BSE,-0.03252078342961817
2021-05-04,1789.0,1789.2,1761.0,1769.1,130065.0,IRCTC.BSE,-0.011123532699832359
2021-05-03,1777.0,1781.6,1752.5,1764.15,201085.0,IRCTC.BSE,-0.0072312886888013
2021-04-30,1782.0,1807.9,1757.45,1790.4,284045.0,IRCTC.BSE,0.004713804713804765
2021-04-29,1800.0,1818.0,1765.5,1791.7,339595.0,IRCTC.BSE,-0.004611111111111086
2021-04-28,1800.2,1817.6,1774.6,1794.0,737505.0,IRCTC.BSE,-0.003444061770914368
2021-04-27,1686.0,1820.0,1686.0,1794.8,1195610.0,IRCTC.BSE,0.06453143534994066
2021-04-26,1716.15,1739.3,1716.15,1731.25,524840.0,IRCTC.BSE,0.008798764676747317
2021-04-23,1672.0,1717.8,1615.0,1712.2,704090.0,IRCTC.BSE,0.024043062200956963
2021-04-22,1610.3,1690.0,1610.3,1673.25,624605.0,IRCTC.BSE,0.0390920946407502
2021-04-20,1612.35,1648.45,1612.35,1640.55,345285.0,IRCTC.BSE,0.01748999906968093
2021-04-19,1541.0,1620.05,1541.0,1611.85,766250.0,IRCTC.BSE,0.045976638546398385
2021-04-16,1610.5,1665.15,1605.05,1632.1,190535.0,IRCTC.BSE,0.013411983855945301
2021-04-15,1586.5,1632.55,1586.5,1607.75,563370.0,IRCTC.BSE,0.013394264103372203
2021-04-13,1585.0,1624.05,1585.0,1612.15,324685.0,IRCTC.BSE,0.017129337539432233
2021-04-12,1699.0,1699.0,1570.0,1581.7,675660.0,IRCTC.BSE,-0.06904061212477926
2021-04-09,1732.0,1769.0,1716.0,1730.8,430040.0,IRCTC.BSE,-0.0006928406466512964
2021-04-08,1700.0,1738.0,1680.35,1725.95,861620.0,IRCTC.BSE,0.015264705882352968
2021-04-07,1685.0,1721.0,1673.8,1709.55,318030.0,IRCTC.BSE,0.014569732937685433
2021-04-06,1700.05,1718.95,1683.55,1687.55,503840.0,IRCTC.BSE,-0.007352724919855298
2021-04-05,1727.0,1740.0,1677.55,1706.6,1118465.0,IRCTC.BSE,-0.011812391430225878
2021-04-01,1756.4,1778.85,1749.75,1751.95,258285.0,IRCTC.BSE,-0.002533591437030315
2021-03-31,1751.0,1773.5,1737.0,1756.2,204020.0,IRCTC.BSE,0.0029697315819531955
2021-03-30,1745.0,1773.0,1740.35,1754.5,394745.0,IRCTC.BSE,0.0054441260744985676
2021-03-26,1751.05,1770.45,1717.55,1747.3,671045.0,IRCTC.BSE,-0.0021415721995374204
2021-03-25,1766.0,1769.8,1703.6,1722.1,1289170.0,IRCTC.BSE,-0.024858437146092916
2021-03-24,1835.0,1835.0,1751.75,1761.15,402110.0,IRCTC.BSE,-0.04024523160762938
2021-03-23,1845.25,1861.6,1831.05,1840.95,318565.0,IRCTC.BSE,-0.002330307546402902
2021-03-22,1857.1,1880.1,1802.2,1837.7,951980.0,IRCTC.BSE,-0.0104463949168057
2021-03-19,1738.0,1877.7,1701.45,1857.1,1272885.0,IRCTC.BSE,0.06852704257767543
2021-03-18,1838.0,1861.6,1743.25,1764.35,866145.0,IRCTC.BSE,-0.040070729053318876
2021-03-17,1909.95,1919.5,1792.8,1821.6,456820.0,IRCTC.BSE,-0.04625775543862412
2021-03-16,1938.0,1938.0,1890.95,1903.05,524480.0,IRCTC.BSE,-0.018034055727554205
2021-03-15,2002.0,2007.7,1916.95,1946.5,520140.0,IRCTC.BSE,-0.027722277722277724
2021-03-12,2034.0,2062.65,1965.05,1986.75,566760.0,IRCTC.BSE,-0.023230088495575223
2021-03-10,2046.0,2049.5,2008.0,2017.5,309435.0,IRCTC.BSE,-0.013929618768328446
2021-03-09,2050.0,2072.95,2015.0,2025.55,1931545.0,IRCTC.BSE,-0.011926829268292706
2021-03-08,1950.0,2025.9,1926.2,2015.8,747440.0,IRCTC.BSE,0.03374358974358972
2021-03-05,1970.0,1997.0,1895.8,1939.3,1548570.0,IRCTC.BSE,-0.015583756345177687
2021-03-04,1884.35,2014.6,1873.65,1961.55,2378960.0,IRCTC.BSE,0.04096903441505031
2021-03-03,1903.8,1929.95,1868.25,1884.35,514020.0,IRCTC.BSE,-0.010216409286689803
2021-03-02,1969.0,1989.0,1869.75,1897.15,2478735.0,IRCTC.BSE,-0.03649060436769929
2021-03-01,1792.4,1974.0,1776.95,1939.0,1712500.0,IRCTC.BSE,0.08178977906717246
2021-02-26,1695.0,1810.0,1681.9,1758.65,1255365.0,IRCTC.BSE,0.03755162241887911
2021-02-25,1690.0,1738.3,1670.65,1726.1,1304220.0,IRCTC.BSE,0.021360946745562076
2021-02-24,1637.0,1688.65,1632.0,1675.95,588865.0,IRCTC.BSE,0.02379352474037877
2021-02-23,1605.0,1641.85,1594.25,1632.4,497930.0,IRCTC.BSE,0.017071651090342737
2021-02-22,1674.35,1675.0,1597.35,1620.7,771455.0,IRCTC.BSE,-0.03204228506584637
2021-02-19,1700.0,1714.85,1654.95,1674.35,820190.0,IRCTC.BSE,-0.015088235294117701
2021-02-18,1695.0,1725.1,1690.8,1701.4,267265.0,IRCTC.BSE,0.0037758112094395816
2021-02-17,1674.65,1729.25,1656.35,1698.05,1226795.0,IRCTC.BSE,0.013973068999492348
2021-02-16,1715.0,1733.85,1662.0,1674.65,420700.0,IRCTC.BSE,-0.023527696793002862
2021-02-15,1731.9,1744.9,1682.0,1712.95,793955.0,IRCTC.BSE,-0.010941740285235894
2021-02-12,1632.0,1768.8,1625.6,1729.2,1812995.0,IRCTC.BSE,0.059558823529411796
2021-02-11,1629.0,1638.4,1612.0,1618.6,376985.0,IRCTC.BSE,-0.006384284837323567
2021-02-10,1649.0,1674.55,1611.2,1618.4,750130.0,IRCTC.BSE,-0.01855670103092778
2021-02-09,1628.95,1688.65,1592.0,1641.45,1289280.0,IRCTC.BSE,0.007673654808312102
2021-02-08,1564.0,1629.0,1561.35,1618.4,1157305.0,IRCTC.BSE,0.03478260869565223
2021-02-05,1546.05,1580.0,1513.6,1554.4,1729375.0,IRCTC.BSE,0.0054008602567835046
2021-02-04,1470.7,1540.0,1465.0,1523.4,625330.0,IRCTC.BSE,0.03583327667097304
2021-02-03,1479.0,1498.0,1462.35,1469.2,355650.0,IRCTC.BSE,-0.006626098715348178
2021-02-02,1468.95,1477.8,1461.1,1470.0,922560.0,IRCTC.BSE,0.0007147962830592971
2021-02-01,1466.15,1496.0,1451.15,1460.45,1563455.0,IRCTC.BSE,-0.003887733178733448
2021-01-29,1470.0,1478.85,1448.0,1457.0,325110.0,IRCTC.BSE,-0.008843537414965987
2021-01-28,1435.0,1523.0,1434.3,1456.5,905190.0,IRCTC.BSE,0.014982578397212544
2021-01-27,1430.0,1442.65,1422.3,1437.9,552125.0,IRCTC.BSE,0.005524475524475588
2021-01-25,1435.0,1444.4,1417.35,1426.9,213800.0,IRCTC.BSE,-0.005644599303135825
2021-01-22,1457.0,1462.1,1424.0,1432.3,263770.0,IRCTC.BSE,-0.01695264241592316
2021-01-21,1460.0,1482.0,1449.9,1453.85,309820.0,IRCTC.BSE,-0.00421232876712335
2021-01-20,1445.0,1458.5,1436.95,1452.1,183755.0,IRCTC.BSE,0.0049134948096885185
2021-01-19,1435.6,1447.45,1432.3,1442.3,457985.0,IRCTC.BSE,0.004667038172192843
2021-01-18,1449.0,1461.85,1418.0,1423.6,335665.0,IRCTC.BSE,-0.017529330572808897
2021-01-15,1475.0,1475.0,1436.55,1440.7,284420.0,IRCTC.BSE,-0.02325423728813556
2021-01-14,1470.0,1482.0,1452.5,1463.0,254905.0,IRCTC.BSE,-0.004761904761904762
2021-01-13,1485.1,1497.0,1441.35,1460.75,711370.0,IRCTC.BSE,-0.016396202275940953
2021-01-12,1461.65,1496.0,1450.0,1481.7,1075200.0,IRCTC.BSE,0.013717374200389938
2021-01-11,1483.0,1483.65,1454.0,1461.65,1018370.0,IRCTC.BSE,-0.01439649359406602
2021-01-08,1504.9,1509.35,1462.0,1470.9,303175.0,IRCTC.BSE,-0.022592863313176954
2021-01-07,1497.0,1510.0,1480.2,1489.05,388765.0,IRCTC.BSE,-0.005310621242485001
2021-01-06,1463.0,1514.8,1449.05,1482.8,932670.0,IRCTC.BSE,0.013533834586466134
2021-01-05,1440.0,1463.0,1430.0,1456.8,848375.0,IRCTC.BSE,0.011666666666666634
2021-01-04,1460.0,1467.95,1443.6,1451.15,754430.0,IRCTC.BSE,-0.006061643835616376
2021-01-01,1449.0,1458.5,1440.95,1445.0,198410.0,IRCTC.BSE,-0.0027605244996549345
2020-12-31,1445.0,1465.0,1431.05,1437.25,374635.0,IRCTC.BSE,-0.005363321799307958
2020-12-30,1424.9,1444.9,1408.25,1434.1,298835.0,IRCTC.BSE,0.006456593445153918
2020-12-29,1428.0,1428.0,1405.05,1409.2,261450.0,IRCTC.BSE,-0.013165266106442546
2020-12-28,1419.95,1438.0,1412.0,1417.9,257335.0,IRCTC.BSE,-0.0014437128067889395
2020-12-24,1421.0,1428.0,1403.05,1408.7,771190.0,IRCTC.BSE,-0.00865587614356084
2020-12-23,1414.9,1422.8,1380.1,1411.9,239380.0,IRCTC.BSE,-0.0021202911866563005
2020-12-22,1370.0,1408.55,1335.95,1398.35,2045270.0,IRCTC.BSE,0.020693430656934242
2020-12-21,1425.0,1436.4,1360.0,1374.8,754655.0,IRCTC.BSE,-0.03522807017543863
2020-12-18,1428.95,1455.8,1410.0,1424.35,623265.0,IRCTC.BSE,-0.0032191469260646885
2020-12-17,1428.05,1441.0,1415.0,1424.8,788370.0,IRCTC.BSE,-0.0022758306781975423
2020-12-16,1457.0,1457.0,1420.5,1424.0,688865.0,IRCTC.BSE,-0.022649279341111873
2020-12-15,1497.85,1497.85,1431.0,1440.55,1072090.0,IRCTC.BSE,-0.03825483192576023
2020-12-14,1422.0,1508.4,1422.0,1478.65,3462695.0,IRCTC.BSE,0.039838255977496545
2020-12-11,1404.0,1450.0,1400.0,1425.2,2205830.0,IRCTC.BSE,0.015099715099715132
2020-12-10,1405.0,1524.4,1405.0,1451.95,5116665.0,IRCTC.BSE,0.0334163701067616
2020-12-09,1661.0,1701.2,1600.5,1618.05,842810.0,IRCTC.BSE,-0.025857916917519593
2020-12-08,1710.0,1793.0,1600.0,1643.55,1619790.0,IRCTC.BSE,-0.038859649122807045
2020-12-07,1588.95,1720.0,1584.95,1690.8,3111690.0,IRCTC.BSE,0.0640989332578117
2020-12-04,1385.0,1596.0,1383.85,1573.0,2056025.0,IRCTC.BSE,0.13574007220216608
2020-12-03,1360.0,1395.05,1352.0,1376.7,391265.0,IRCTC.BSE,0.012279411764705915
2020-12-02,1359.3,1367.0,1347.0,1350.15,146755.0,IRCTC.BSE,-0.006731405870668627
2020-12-01,1352.0,1367.0,1348.0,1358.7,173875.0,IRCTC.BSE,0.0049556213017751816
2020-11-27,1351.1,1365.55,1347.65,1353.75,182785.0,IRCTC.BSE,0.0019613648138554446
2020-11-26,1354.5,1359.95,1346.0,1351.4,115575.0,IRCTC.BSE,-0.0022886674049464074
2020-11-25,1365.05,1372.15,1353.5,1354.5,49880.0,IRCTC.BSE,-0.00772865462803557
2020-11-24,1375.0,1379.0,1358.0,1362.15,60015.0,IRCTC.BSE,-0.00934545454545448
2020-11-23,1371.85,1371.85,1357.45,1362.15,75255.0,IRCTC.BSE,-0.0070707438859932345
2020-11-20,1385.0,1398.0,1362.0,1380.05,115500.0,IRCTC.BSE,-0.0035740072202166393
2020-11-19,1356.0,1378.0,1356.0,1375.7,189350.0,IRCTC.BSE,0.014528023598820092
2020-11-18,1355.1,1369.8,1350.95,1365.3,199760.0,IRCTC.BSE,0.007527119769758723
2020-11-17,1398.65,1405.9,1372.55,1381.6,111695.0,IRCTC.BSE,-0.012190326386158211
2020-11-13,1376.0,1402.35,1365.5,1388.55,131620.0,IRCTC.BSE,0.009120639534883688
2020-11-12,1371.4,1399.5,1356.2,1380.85,309825.0,IRCTC.BSE,0.006890768557678152
2020-11-11,1393.0,1407.0,1343.25,1371.35,185495.0,IRCTC.BSE,-0.015541995692749527
2020-11-10,1329.8,1417.7,1315.0,1374.25,1388825.0,IRCTC.BSE,0.033426079109640586
2020-11-09,1320.0,1321.95,1311.1,1312.9,55465.0,IRCTC.BSE,-0.00537878787878781
2020-11-06,1317.5,1318.8,1308.55,1310.95,93610.0,IRCTC.BSE,-0.0049715370018974985
2020-11-05,1308.0,1316.0,1303.9,1310.75,40265.0,IRCTC.BSE,0.002102446483180428
2020-11-04,1292.0,1308.0,1291.0,1300.35,129125.0,IRCTC.BSE,0.006462848297213552
2020-11-03,1300.0,1312.2,1300.0,1301.8,111115.0,IRCTC.BSE,0.0013846153846153496
2020-11-02,1314.4,1322.0,1301.0,1302.45,132550.0,IRCTC.BSE,-0.009091600730371307
2020-10-30,1325.0,1330.0,1313.0,1315.55,28745.0,IRCTC.BSE,-0.007132075471698147
2020-10-29,1320.0,1332.2,1312.6,1330.2,38680.0,IRCTC.BSE,0.007727272727272761
2020-10-28,1326.0,1339.15,1309.85,1333.0,45295.0,IRCTC.BSE,0.005279034690799397
2020-10-27,1328.9,1328.9,1296.0,1325.6,45140.0,IRCTC.BSE,-0.002483256828956416
2020-10-26,1330.0,1330.9,1317.8,1320.25,45920.0,IRCTC.BSE,-0.007330827067669173
2020-10-23,1327.0,1334.9,1327.0,1327.8,73015.0,IRCTC.BSE,0.0006028636021099883
2020-10-22,1338.0,1338.0,1326.15,1328.0,36090.0,IRCTC.BSE,-0.007473841554559043
2020-10-21,1339.0,1343.75,1328.35,1331.2,35990.0,IRCTC.BSE,-0.005825242718446568
2020-10-20,1326.8,1342.45,1326.6,1332.05,43090.0,IRCTC.BSE,0.003956888754899005
2020-10-19,1330.0,1335.0,1325.1,1326.8,99895.0,IRCTC.BSE,-0.002406015037594019
2020-10-16,1329.05,1340.65,1324.8,1328.55,41490.0,IRCTC.BSE,-0.00037620857003122535
2020-10-15,1342.65,1347.0,1325.65,1329.05,182415.0,IRCTC.BSE,-0.010129222060849912
2020-10-14,1352.0,1357.0,1330.0,1338.1,169865.0,IRCTC.BSE,-0.010281065088757464
2020-10-13,1339.0,1348.0,1334.55,1336.65,45555.0,IRCTC.BSE,-0.001755041075429357
2020-10-12,1352.05,1370.0,1330.8,1334.55,271925.0,IRCTC.BSE,-0.012943308309603935
2020-10-09,1355.0,1364.9,1348.55,1351.0,121285.0,IRCTC.BSE,-0.002952029520295203
2020-10-08,1361.6,1369.75,1351.0,1355.8,174725.0,IRCTC.BSE,-0.004259694477085748
2020-10-07,1365.0,1376.5,1350.0,1358.05,94575.0,IRCTC.BSE,-0.005091575091575125
2020-10-06,1369.95,1372.0,1360.0,1363.35,80065.0,IRCTC.BSE,-0.004817694076426246
2020-10-05,1387.0,1390.05,1356.4,1375.55,198795.0,IRCTC.BSE,-0.008255227108868094
2020-10-01,1410.0,1410.0,1373.0,1379.9,79530.0,IRCTC.BSE,-0.02134751773049639
2020-09-30,1389.8,1417.25,1368.55,1382.1,177890.0,IRCTC.BSE,-0.005540365520218769
2020-09-29,1375.0,1394.5,1363.55,1383.15,73890.0,IRCTC.BSE,0.005927272727272793
2020-09-28,1355.05,1372.0,1353.65,1366.6,165635.0,IRCTC.BSE,0.00852367071325778
2020-09-25,1364.95,1364.95,1340.35,1352.95,80585.0,IRCTC.BSE,-0.008791530825304955
2020-09-24,1359.8,1365.05,1332.0,1337.85,90240.0,IRCTC.BSE,-0.016142079717605565
2020-09-23,1374.95,1377.0,1353.1,1372.55,287205.0,IRCTC.BSE,-0.0017455180188371148
2020-09-22,1390.0,1390.0,1331.0,1356.2,120585.0,IRCTC.BSE,-0.024316546762589895
2020-09-21,1429.0,1429.0,1380.15,1396.95,298220.0,IRCTC.BSE,-0.022428271518544405
2020-09-18,1374.35,1420.0,1371.0,1403.85,605400.0,IRCTC.BSE,0.02146469240004366
2020-09-17,1368.0,1374.9,1359.5,1371.4,47545.0,IRCTC.BSE,0.002485380116959131
2020-09-16,1372.05,1375.25,1362.6,1366.8,68640.0,IRCTC.BSE,-0.0038263911665026786
2020-09-15,1375.0,1380.0,1360.65,1369.35,172725.0,IRCTC.BSE,-0.004109090909090975
2020-09-14,1359.0,1388.0,1350.2,1368.85,188140.0,IRCTC.BSE,0.0072479764532743995
2020-09-11,1373.0,1376.05,1351.0,1370.5,102645.0,IRCTC.BSE,-0.001820830298616169
2020-09-10,1355.2,1382.0,1350.3,1370.6,454345.0,IRCTC.BSE,0.011363636363636263
2020-09-09,1353.95,1358.0,1321.2,1349.25,767115.0,IRCTC.BSE,-0.003471324642712098
2020-09-08,1422.0,1459.95,1350.0,1378.05,719355.0,IRCTC.BSE,-0.03090717299578062
2020-09-07,1385.55,1450.85,1365.9,1414.4,1690685.0,IRCTC.BSE,0.020822056223160575
2020-09-04,1360.0,1370.0,1350.0,1365.55,73490.0,IRCTC.BSE,0.004080882352941143
2020-09-03,1371.0,1387.0,1363.8,1368.55,103035.0,IRCTC.BSE,-0.0017870167760758902
2020-09-02,1365.0,1369.0,1354.8,1359.3,88940.0,IRCTC.BSE,-0.004175824175824209
2020-09-01,1336.0,1365.15,1336.0,1351.2,105245.0,IRCTC.BSE,0.01137724550898207
2020-08-31,1390.0,1395.0,1335.1,1342.7,453695.0,IRCTC.BSE,-0.03402877697841723
2020-08-28,1369.95,1378.0,1363.1,1366.9,244535.0,IRCTC.BSE,-0.0022263586262272015
2020-08-27,1375.0,1382.7,1365.0,1367.55,107625.0,IRCTC.BSE,-0.0054181818181818515
2020-08-26,1344.0,1386.8,1344.0,1369.25,664125.0,IRCTC.BSE,0.01878720238095238
2020-08-25,1349.0,1355.0,1340.0,1342.0,89910.0,IRCTC.BSE,-0.005189028910303929
2020-08-24,1342.0,1348.0,1336.0,1337.95,88485.0,IRCTC.BSE,-0.0030178837555886397
2020-08-21,1349.9,1359.0,1336.2,1341.35,93885.0,IRCTC.BSE,-0.006333802503889312
2020-08-20,1342.05,1356.65,1330.4,1346.65,513185.0,IRCTC.BSE,0.0034275921165382336
2020-08-19,1380.0,1401.8,1338.05,1363.0,285555.0,IRCTC.BSE,-0.012318840579710146
2020-08-18,1382.7,1389.6,1376.0,1377.55,71985.0,IRCTC.BSE,-0.003724596803355819
2020-08-17,1383.9,1402.95,1360.45,1382.6,219065.0,IRCTC.BSE,-0.0009393742322423455
2020-08-14,1389.5,1408.75,1352.0,1368.15,292665.0,IRCTC.BSE,-0.015365239294710262
2020-08-13,1399.0,1411.75,1355.0,1383.4,555035.0,IRCTC.BSE,-0.011150822015725453
2020-08-12,1355.0,1413.9,1315.6,1387.3,483650.0,IRCTC.BSE,0.02383763837638373
2020-08-11,1320.3,1384.3,1313.7,1371.6,818010.0,IRCTC.BSE,0.03885480572597134
2020-08-10,1326.05,1335.0,1320.0,1324.15,304535.0,IRCTC.BSE,-0.0014328268164849468
2020-08-07,1344.0,1344.0,1330.1,1331.75,86420.0,IRCTC.BSE,-0.009114583333333334
2020-08-06,1336.1,1346.3,1331.0,1334.2,76110.0,IRCTC.BSE,-0.0014220492478106907
2020-08-05,1341.0,1348.65,1335.3,1336.5,79275.0,IRCTC.BSE,-0.003355704697986577
2020-08-04,1339.9,1346.95,1336.0,1339.65,76700.0,IRCTC.BSE,-0.000186581088140906
2020-08-03,1336.4,1361.0,1330.0,1339.25,208665.0,IRCTC.BSE,0.002132595031427648
2020-07-31,1341.5,1345.0,1331.65,1336.4,212625.0,IRCTC.BSE,-0.0038017144986954225
2020-07-30,1353.0,1359.0,1340.0,1340.8,73835.0,IRCTC.BSE,-0.009016999260901734
2020-07-29,1347.0,1368.75,1343.95,1352.3,93530.0,IRCTC.BSE,0.003934669636228623
2020-07-28,1344.85,1353.0,1340.15,1345.35,211270.0,IRCTC.BSE,0.0003717886753169499
2020-07-27,1358.0,1362.05,1342.2,1345.2,264475.0,IRCTC.BSE,-0.009425625920471248
2020-07-24,1368.0,1371.9,1356.8,1358.0,127940.0,IRCTC.BSE,-0.007309941520467836
2020-07-23,1372.0,1385.15,1366.0,1371.25,100440.0,IRCTC.BSE,-0.0005466472303206997
2020-07-22,1399.0,1399.0,1370.0,1372.6,279645.0,IRCTC.BSE,-0.018870621872766325
2020-07-21,1380.0,1411.4,1376.8,1390.3,301240.0,IRCTC.BSE,0.007463768115941996
2020-07-20,1387.95,1389.05,1371.7,1376.15,142480.0,IRCTC.BSE,-0.008501747181094386
2020-07-17,1379.0,1400.0,1367.0,1370.5,169185.0,IRCTC.BSE,-0.006163886874546773
2020-07-16,1351.95,1378.95,1335.0,1363.25,170190.0,IRCTC.BSE,0.008358297274307447
2020-07-15,1363.0,1377.95,1349.5,1351.95,431085.0,IRCTC.BSE,-0.008107116654438704
2020-07-14,1390.0,1390.0,1356.0,1362.85,212710.0,IRCTC.BSE,-0.01953237410071949
2020-07-13,1442.15,1443.0,1387.05,1396.35,878380.0,IRCTC.BSE,-0.03175813888985208
2020-07-10,1372.0,1442.0,1360.5,1401.15,1118520.0,IRCTC.BSE,0.021246355685131262
2020-07-09,1398.95,1398.95,1381.65,1385.4,322490.0,IRCTC.BSE,-0.009685835805425464
2020-07-08,1400.0,1413.35,1385.05,1390.55,140495.0,IRCTC.BSE,-0.006750000000000033
2020-07-07,1414.0,1420.0,1390.0,1396.65,149985.0,IRCTC.BSE,-0.012270155586987205
2020-07-06,1408.85,1414.5,1394.7,1400.2,163160.0,IRCTC.BSE,-0.00613975937821618
2020-07-03,1431.9,1432.15,1399.0,1404.85,217515.0,IRCTC.BSE,-0.018890984007263203
2020-07-02,1440.0,1462.8,1395.35,1411.9,1360190.0,IRCTC.BSE,-0.019513888888888827
2020-07-01,1360.5,1376.6,1356.0,1363.35,315120.0,IRCTC.BSE,0.002094818081587585
2020-06-30,1370.0,1385.0,1356.2,1359.2,207780.0,IRCTC.BSE,-0.007883211678832084
2020-06-29,1362.0,1370.0,1351.0,1355.55,219195.0,IRCTC.BSE,-0.004735682819383294
2020-06-26,1346.1,1402.0,1341.0,1381.6,1162655.0,IRCTC.BSE,0.026372483470767403
2020-06-25,1414.4,1455.0,1392.1,1421.35,264420.0,IRCTC.BSE,0.004913744343891273
2020-06-24,1464.95,1478.1,1415.0,1420.8,301820.0,IRCTC.BSE,-0.030137547356565132
2020-06-23,1428.0,1497.65,1418.9,1450.15,696540.0,IRCTC.BSE,0.01551120448179278
2020-06-22,1434.0,1442.4,1412.25,1416.05,177850.0,IRCTC.BSE,-0.012517433751743407
2020-06-19,1415.0,1445.0,1414.05,1422.75,262290.0,IRCTC.BSE,0.005477031802120141
2020-06-18,1395.6,1428.0,1352.0,1409.55,440875.0,IRCTC.BSE,0.009995700773860739
2020-06-17,1397.0,1416.6,1388.0,1395.6,182630.0,IRCTC.BSE,-0.0010021474588404373
2020-06-16,1445.0,1450.0,1381.15,1410.35,276835.0,IRCTC.BSE,-0.02397923875432532
2020-06-15,1428.0,1448.95,1411.3,1422.7,230260.0,IRCTC.BSE,-0.003711484593837503
2020-06-12,1374.0,1443.45,1250.0,1424.75,524645.0,IRCTC.BSE,0.036935953420669576
2020-06-11,1456.0,1478.0,1426.4,1432.85,264315.0,IRCTC.BSE,-0.015899725274725336
2020-06-10,1500.0,1507.4,1437.5,1455.15,344500.0,IRCTC.BSE,-0.02989999999999994
2020-06-09,1550.0,1570.0,1473.0,1492.4,513035.0,IRCTC.BSE,-0.03716129032258059
2020-06-08,1470.0,1594.0,1459.65,1531.35,1367095.0,IRCTC.BSE,0.04173469387755096
2020-06-05,1459.0,1489.2,1435.8,1456.1,765245.0,IRCTC.BSE,-0.0019876627827279583
2020-06-04,1394.0,1441.15,1383.0,1432.1,488875.0,IRCTC.BSE,0.027331420373027195
2020-06-03,1421.95,1421.95,1388.55,1392.45,236990.0,IRCTC.BSE,-0.020746158444389744
2020-06-02,1420.0,1427.05,1402.45,1409.7,181465.0,IRCTC.BSE,-0.0072535211267605315
2020-06-01,1460.0,1460.0,1411.6,1415.85,290950.0,IRCTC.BSE,-0.030239726027397322
2020-05-29,1380.0,1422.5,1370.05,1409.9,379480.0,IRCTC.BSE,0.021666666666666733
2020-05-28,1389.0,1403.15,1363.4,1381.4,217600.0,IRCTC.BSE,-0.005471562275017933
2020-05-27,1355.0,1414.75,1331.55,1392.2,329240.0,IRCTC.BSE,0.02745387453874542
2020-05-26,1460.0,1460.0,1373.8,1377.85,329055.0,IRCTC.BSE,-0.05626712328767129
2020-05-22,1449.0,1460.0,1400.7,1422.8,700770.0,IRCTC.BSE,-0.01808143547273985
2020-05-21,1400.7,1400.7,1400.7,1400.7,42105.0,IRCTC.BSE,0.0
2020-05-20,1334.0,1334.0,1334.0,1334.0,44155.0,IRCTC.BSE,0.0
2020-05-19,1265.1,1309.65,1246.0,1270.5,360405.0,IRCTC.BSE,0.0042684372776856305
2020-05-18,1314.0,1314.0,1263.65,1263.65,241295.0,IRCTC.BSE,-0.03831811263318106
2020-05-15,1345.7,1376.0,1326.0,1330.15,373710.0,IRCTC.BSE,-0.011555324366500672
2020-05-14,1484.0,1484.0,1381.45,1389.4,1192820.0,IRCTC.BSE,-0.06374663072776274
2020-05-13,1436.3,1436.3,1376.65,1436.3,809155.0,IRCTC.BSE,0.0
2020-05-12,1367.95,1367.95,1367.95,1367.95,25485.0,IRCTC.BSE,0.0
2020-05-11,1302.85,1302.85,1302.85,1302.85,25055.0,IRCTC.BSE,0.0
2020-05-08,1220.0,1276.2,1220.0,1240.85,533295.0,IRCTC.BSE,0.017090163934426156
2020-05-07,1222.9,1247.9,1190.0,1215.45,298745.0,IRCTC.BSE,-0.006092076212282317
2020-05-06,1263.25,1271.0,1205.75,1216.35,249295.0,IRCTC.BSE,-0.03712645952899275
2020-05-05,1292.0,1309.0,1260.0,1262.25,212775.0,IRCTC.BSE,-0.023026315789473683
2020-05-04,1270.0,1304.45,1270.0,1282.4,298275.0,IRCTC.BSE,0.009763779527559127
2020-04-30,1348.0,1348.0,1315.0,1323.6,267725.0,IRCTC.BSE,-0.0181008902077152
2020-04-29,1364.0,1364.3,1304.4,1319.95,473280.0,IRCTC.BSE,-0.0322947214076246
2020-04-28,1272.0,1330.85,1235.75,1327.55,648135.0,IRCTC.BSE,0.043671383647798705
2020-04-27,1278.7,1327.9,1240.0,1267.5,603810.0,IRCTC.BSE,-0.008758895753499684
2020-04-24,1331.0,1341.75,1302.3,1302.3,354610.0,IRCTC.BSE,-0.021562734785875316
2020-04-23,1448.0,1448.0,1365.15,1370.8,488765.0,IRCTC.BSE,-0.053314917127071856
2020-04-22,1474.0,1509.3,1401.55,1434.2,750310.0,IRCTC.BSE,-0.02700135685210309
2020-04-21,1424.7,1484.65,1380.5,1462.25,867640.0,IRCTC.BSE,0.026356425914227523
2020-04-20,1415.0,1424.7,1371.5,1424.7,439175.0,IRCTC.BSE,0.006855123674911693
2020-04-17,1356.9,1356.9,1310.0,1356.9,816255.0,IRCTC.BSE,0.0
2020-04-16,1227.0,1292.3,1190.1,1292.3,440550.0,IRCTC.BSE,0.053219233903830446
2020-04-15,1265.0,1287.2,1227.0,1230.8,546145.0,IRCTC.BSE,-0.02703557312252968
2020-04-13,1298.0,1316.4,1200.0,1291.45,1527630.0,IRCTC.BSE,-0.005046224961479164
2020-04-09,1253.75,1253.75,1253.75,1253.75,18845.0,IRCTC.BSE,0.0
2020-04-08,1194.05,1194.05,1194.05,1194.05,25315.0,IRCTC.BSE,0.0
2020-04-07,1137.0,1137.2,1100.0,1137.2,245745.0,IRCTC.BSE,0.00017590149516274887
2020-04-03,1083.05,1083.05,1083.05,1083.05,205325.0,IRCTC.BSE,0.0
2020-04-01,1031.5,1031.5,1031.5,1031.5,15575.0,IRCTC.BSE,0.0
2020-03-31,982.4,982.4,982.4,982.4,28575.0,IRCTC.BSE,0.0
2020-03-30,899.15,944.1,859.55,935.65,808880.0,IRCTC.BSE,0.040593894233442694
2020-03-27,899.15,899.15,899.15,899.15,47890.0,IRCTC.BSE,0.0
2020-03-26,776.1,856.35,774.85,856.35,290240.0,IRCTC.BSE,0.103401623502126
2020-03-25,815.6,824.65,815.6,815.6,115790.0,IRCTC.BSE,0.0
2020-03-24,859.0,879.1,858.5,858.5,97325.0,IRCTC.BSE,-0.0005820721769499418
2020-03-23,903.65,903.65,903.65,903.65,63990.0,IRCTC.BSE,0.0
2020-03-20,975.0,1004.5,950.35,951.2,1339725.0,IRCTC.BSE,-0.024410256410256365
2020-03-19,1000.35,1033.75,1000.35,1000.35,412635.0,IRCTC.BSE,0.0
2020-03-18,1072.1,1097.7,1052.95,1052.95,170280.0,IRCTC.BSE,-0.017862139725771723
2020-03-17,1158.0,1173.1,1108.35,1108.35,845510.0,IRCTC.BSE,-0.042875647668393864
2020-03-16,1199.0,1199.0,1166.65,1166.65,679560.0,IRCTC.BSE,-0.02698081734778975
2020-03-13,1159.95,1268.0,1159.95,1228.05,1522405.0,IRCTC.BSE,0.058709427130479684
2020-03-12,1220.95,1220.95,1220.95,1220.95,133265.0,IRCTC.BSE,0.0
2020-03-11,1226.2,1355.2,1226.2,1285.2,1875570.0,IRCTC.BSE,0.048116131136845534
2020-03-09,1290.7,1290.7,1290.7,1290.7,136195.0,IRCTC.BSE,0.0
2020-03-06,1358.6,1358.6,1358.6,1358.6,159725.0,IRCTC.BSE,0.0
2020-03-05,1500.0,1525.2,1410.0,1430.1,3125635.0,IRCTC.BSE,-0.04660000000000006
2020-03-04,1751.0,1765.85,1565.2,1565.2,1731565.0,IRCTC.BSE,-0.10611079383209591
2020-03-03,1770.0,1808.0,1687.0,1739.1,1776695.0,IRCTC.BSE,-0.01745762711864412
2020-03-02,1810.0,1869.15,1635.1,1713.2,1719280.0,IRCTC.BSE,-0.05348066298342539
2020-02-28,1845.0,1866.0,1731.95,1744.65,2266730.0,IRCTC.BSE,-0.054390243902438976
2020-02-27,1965.0,1969.95,1889.75,1908.5,1262480.0,IRCTC.BSE,-0.02875318066157761
2020-02-26,1959.0,1982.2,1940.0,1951.55,1176465.0,IRCTC.BSE,-0.0038029606942317743
2020-02-25,1928.0,1995.0,1921.0,1952.45,2102705.0,IRCTC.BSE,0.012681535269709568
2020-02-24,1909.0,1989.0,1810.0,1922.9,3533790.0,IRCTC.BSE,0.0072812991094814514
2020-02-20,1875.0,1976.0,1860.05,1927.75,4327415.0,IRCTC.BSE,0.028133333333333333
2020-02-19,1665.0,1872.7,1655.8,1830.65,4908795.0,IRCTC.BSE,0.09948948948948955
2020-02-18,1512.5,1648.85,1483.65,1639.3,2433995.0,IRCTC.BSE,0.08383471074380162
2020-02-17,1567.9,1567.9,1509.75,1518.2,706340.0,IRCTC.BSE,-0.031698450156259994
2020-02-14,1596.0,1602.7,1548.0,1557.45,1079000.0,IRCTC.BSE,-0.024154135338345838
2020-02-13,1585.0,1609.3,1514.9,1579.95,3263690.0,IRCTC.BSE,-0.003186119873817006
2020-02-12,1400.0,1449.85,1350.05,1418.95,2148620.0,IRCTC.BSE,0.013535714285714318
2020-02-11,1495.0,1505.2,1380.0,1406.1,1117445.0,IRCTC.BSE,-0.05946488294314387
2020-02-10,1524.0,1537.15,1465.9,1479.95,1012895.0,IRCTC.BSE,-0.028904199475065586
2020-02-07,1504.95,1528.65,1481.2,1513.85,736705.0,IRCTC.BSE,0.005913817734808375
2020-02-06,1533.7,1562.0,1472.2,1503.8,2043740.0,IRCTC.BSE,-0.019495338071330828
2020-02-05,1455.0,1549.0,1442.9,1509.05,3835610.0,IRCTC.BSE,0.03714776632302402
2020-02-04,1289.0,1438.55,1285.0,1413.3,2345750.0,IRCTC.BSE,0.09643134212567879
2020-02-03,1198.0,1264.0,1185.15,1252.15,1072825.0,IRCTC.BSE,0.04520033388981644
2020-01-31,1147.0,1234.65,1147.0,1212.0,1177970.0,IRCTC.BSE,0.05666957279860506
2020-01-30,1130.0,1164.0,1116.3,1136.2,1524540.0,IRCTC.BSE,0.0054867256637168545
2020-01-29,1070.0,1130.35,1064.0,1118.6,1248000.0,IRCTC.BSE,0.045420560747663465
2020-01-28,1008.1,1060.0,1008.1,1048.55,679210.0,IRCTC.BSE,0.040124987600436396
2020-01-27,1004.0,1016.65,994.5,1007.65,172210.0,IRCTC.BSE,0.003635458167330655
2020-01-24,996.05,1012.5,992.65,1002.7,171395.0,IRCTC.BSE,0.006676371668089043
2020-01-23,1000.05,1000.05,989.5,995.2,145305.0,IRCTC.BSE,-0.004849757512124303
2020-01-22,985.1,1005.35,985.1,996.0,257580.0,IRCTC.BSE,0.011064866511014087
2020-01-21,995.9,995.9,978.5,982.7,177810.0,IRCTC.BSE,-0.013254342805502492
2020-01-20,1027.9,1028.95,987.45,992.75,380685.0,IRCTC.BSE,-0.03419593345656201
2020-01-17,1010.95,1025.2,1010.95,1021.7,557850.0,IRCTC.BSE,0.010633562490726544
2020-01-16,991.0,1008.0,985.35,1003.3,534355.0,IRCTC.BSE,0.012411705348133153
2020-01-15,980.1,996.1,973.1,985.5,636455.0,IRCTC.BSE,0.005509641873278214
2020-01-14,945.0,984.0,942.45,974.7,955200.0,IRCTC.BSE,0.03142857142857148
2020-01-13,919.0,942.2,916.85,938.9,230720.0,IRCTC.BSE,0.02165397170837865
2020-01-10,913.7,928.0,909.0,916.4,191940.0,IRCTC.BSE,0.0029550180584436156
2020-01-09,916.95,920.75,910.35,913.7,176675.0,IRCTC.BSE,-0.0035443590163040514
2020-01-08,895.0,901.5,887.4,895.8,213730.0,IRCTC.BSE,0.0008938547486033011
2020-01-07,901.9,921.3,898.5,907.05,240110.0,IRCTC.BSE,0.005710167424326397
2020-01-06,929.15,929.15,890.05,894.1,340740.0,IRCTC.BSE,-0.03772264973362746
2020-01-03,928.0,943.3,928.0,931.2,301425.0,IRCTC.BSE,0.0034482758620690145
2020-01-02,944.0,944.0,928.0,930.15,267005.0,IRCTC.BSE,-0.014671610169491549
2020-01-01,943.45,953.8,934.9,944.0,552995.0,IRCTC.BSE,0.0005829667708940108
2019-12-31,935.0,954.8,922.35,934.0,1435035.0,IRCTC.BSE,-0.0010695187165775401
2019-12-30,889.8,937.55,884.0,926.9,1094070.0,IRCTC.BSE,0.041694762868060266
2019-12-27,884.75,885.35,877.1,880.85,164490.0,IRCTC.BSE,-0.004408024865781269
2019-12-26,888.75,888.75,875.1,877.0,175075.0,IRCTC.BSE,-0.013220815752461323
2019-12-24,886.9,899.9,875.8,887.45,869020.0,IRCTC.BSE,0.000620137557785622
2019-12-23,866.0,870.6,861.4,864.5,83505.0,IRCTC.BSE,-0.0017321016166281756
2019-12-20,875.95,875.95,866.0,866.95,85645.0,IRCTC.BSE,-0.010274559050174097
2019-12-19,874.0,876.45,866.65,869.75,101150.0,IRCTC.BSE,-0.004862700228832952
2019-12-18,886.0,888.2,873.0,874.4,142125.0,IRCTC.BSE,-0.013092550790067745
2019-12-17,891.0,898.6,883.05,885.8,205080.0,IRCTC.BSE,-0.005836139169472554
2019-12-16,894.7,894.7,882.9,886.95,158210.0,IRCTC.BSE,-0.008662121381468648
2019-12-13,877.5,903.0,870.0,890.45,520565.0,IRCTC.BSE,0.01475783475783481
2019-12-12,869.9,878.55,861.9,871.0,160605.0,IRCTC.BSE,0.0012645131624324896
2019-12-11,865.95,870.0,856.4,864.6,162470.0,IRCTC.BSE,-0.0015589814654426036
2019-12-10,870.0,870.75,855.7,861.75,222255.0,IRCTC.BSE,-0.009482758620689655
2019-12-09,879.9,879.9,864.25,867.75,150085.0,IRCTC.BSE,-0.013808387316740512
2019-12-06,876.0,879.8,869.0,871.85,140305.0,IRCTC.BSE,-0.004737442922374403
2019-12-05,881.45,888.8,872.05,875.45,216870.0,IRCTC.BSE,-0.00680696579499688
2019-12-04,875.6,884.9,862.35,874.95,347660.0,IRCTC.BSE,-0.0007423481041571233
2019-12-03,889.0,889.0,871.0,875.6,225635.0,IRCTC.BSE,-0.01507311586051741
2019-12-02,898.1,903.35,878.7,881.05,324045.0,IRCTC.BSE,-0.018984522881639092
2019-11-29,883.0,919.0,878.0,897.1,778150.0,IRCTC.BSE,0.015968289920724826
2019-11-28,887.95,888.05,878.15,882.2,162450.0,IRCTC.BSE,-0.00647558984177037
2019-11-27,876.1,890.8,876.1,883.15,276300.0,IRCTC.BSE,0.008047026595137488
2019-11-26,888.0,895.0,875.0,878.8,382655.0,IRCTC.BSE,-0.010360360360360412
2019-11-25,878.0,889.7,873.8,881.9,255235.0,IRCTC.BSE,0.004441913439635509
2019-11-22,889.0,889.0,872.95,875.8,324055.0,IRCTC.BSE,-0.0148481439820023
2019-11-21,896.0,905.7,880.55,884.6,607825.0,IRCTC.BSE,-0.01272321428571426
2019-11-20,911.0,916.9,890.0,895.25,626545.0,IRCTC.BSE,-0.01728869374313941
2019-11-19,921.55,924.55,900.1,902.25,507005.0,IRCTC.BSE,-0.0209429765069719
2019-11-18,937.0,937.85,916.1,921.55,562925.0,IRCTC.BSE,-0.016488794023479237
2019-11-15,919.0,940.0,902.4,927.3,1567890.0,IRCTC.BSE,0.009031556039172965
2019-11-14,915.0,946.5,896.65,906.85,1535655.0,IRCTC.BSE,-0.008907103825136587
2019-11-13,950.0,981.35,903.65,931.8,3124125.0,IRCTC.BSE,-0.01915789473684215
2019-11-11,885.95,943.55,884.1,932.8,2347990.0,IRCTC.BSE,0.05288108809752233
2019-11-08,880.0,891.0,874.0,877.25,409860.0,IRCTC.BSE,-0.003125
2019-11-07,890.0,891.5,880.0,881.25,324000.0,IRCTC.BSE,-0.009831460674157303
2019-11-06,884.2,894.7,880.0,883.95,480470.0,IRCTC.BSE,-0.0002827414612078715
2019-11-05,884.0,907.0,871.25,881.7,998360.0,IRCTC.BSE,-0.00260180995475108
2019-11-04,892.0,898.55,881.05,883.45,402255.0,IRCTC.BSE,-0.009585201793721921
2019-11-01,887.0,908.25,884.25,890.3,740990.0,IRCTC.BSE,0.0037204058624576712
2019-10-31,899.8,907.85,877.0,882.2,1056035.0,IRCTC.BSE,-0.019559902200488897
2019-10-30,882.0,919.9,880.0,890.4,1725335.0,IRCTC.BSE,0.009523809523809499
2019-10-29,910.0,910.0,878.5,883.45,1144495.0,IRCTC.BSE,-0.029175824175824126
2019-10-25,907.0,916.0,876.0,899.4,2221040.0,IRCTC.BSE,-0.00837927232635063
2019-10-24,920.0,953.65,863.2,901.45,7535420.0,IRCTC.BSE,-0.020163043478260822
2019-10-23,863.0,909.5,863.0,900.4,5023020.0,IRCTC.BSE,0.04333719582850519
2019-10-22,787.0,866.0,781.25,845.3,5221410.0,IRCTC.BSE,0.07407878017789067
2019-10-18,726.1,789.9,716.0,779.2,5564655.0,IRCTC.BSE,0.07313042280677595
2019-10-17,700.05,732.9,687.3,724.35,2675230.0,IRCTC.BSE,0.03471180629955013
2019-10-16,714.8,720.55,698.4,700.6,1657140.0,IRCTC.BSE,-0.019865696698377074
2019-10-15,737.0,748.9,696.2,713.1,6130625.0,IRCTC.BSE,-0.03242876526458613
2019-10-14,644.0,743.8,625.0,728.6,27201365.0,IRCTC.BSE,0.13136645962732924
